itstId,laneId,permDrcCd,laneTypeCd,lanePermMuvrCn,rgtrId,regDt
1,2.0,0,0,maneuverStraightAllowed,V2X,2024-10-07T16:31:12.000+00:00
1,3.0,0,0,maneuverStraightAllowed,V2X,2024-10-07T16:31:12.000+00:00
1,4.0,0,0,maneuverLeftAllowed,V2X,2024-10-07T16:31:12.000+00:00
1,5.0,1,0,maneuverStraightAllowed,V2X,2024-10-07T16:31:12.000+00:00
1,6.0,1,0,maneuverStraightAllowed,V2X,2024-10-07T16:31:12.000+00:00
1,7.0,1,0,maneuverStraightAllowed,V2X,2024-10-07T16:31:12.000+00:00
1,8.0,1,0,maneuverRightAllowed,V2X,2024-10-07T16:31:12.000+00:00
1,21.0,0,0,maneuverRightAllowed,V2X,2024-10-07T16:31:12.000+00:00
1,22.0,0,0,maneuverLeftAllowed,V2X,2024-10-07T16:31:12.000+00:00
1,23.0,1,0,maneuverLeftAllowed,V2X,2024-10-07T16:31:12.000+00:00
1,24.0,1,0,maneuverRightAllowed,V2X,2024-10-07T16:31:12.000+00:00
1,41.0,0,0,maneuverStraightAllowedmaneuverRightAllowed,V2X,2024-10-07T16:31:12.000+00:00
1,42.0,0,0,maneuverStraightAllowed,V2X,2024-10-07T16:31:12.000+00:00
1,43.0,0,0,maneuverStraightAllowed,V2X,2024-10-07T16:31:12.000+00:00
1,44.0,1,0,maneuverStraightAllowedmaneuverLeftAllowed,V2X,2024-10-07T16:31:12.000+00:00
1,45.0,1,0,maneuverStraightAllowed,V2X,2024-10-07T16:31:12.000+00:00
1,46.0,1,0,maneuverStraightAllowed,V2X,2024-10-07T16:31:12.000+00:00
10,1.0,0,0,maneuverRightAllowed,V2X,2024-10-07T16:31:09.000+00:00
10,2.0,0,0,maneuverStraightAllowed,V2X,2024-10-07T16:31:09.000+00:00
10,3.0,0,0,maneuverStraightAllowed,V2X,2024-10-07T16:31:09.000+00:00
10,4.0,0,0,maneuverLeftAllowed,V2X,2024-10-07T16:31:09.000+00:00
10,5.0,1,0,maneuverLeftAllowed,V2X,2024-10-07T16:31:09.000+00:00
10,6.0,1,0,maneuverStraightAllowed,V2X,2024-10-07T16:31:09.000+00:00
10,7.0,1,0,maneuverStraightAllowedmaneuverRightAllowed,V2X,2024-10-07T16:31:09.000+00:00
10,21.0,0,0,maneuverStraightAllowedmaneuverRightAllowed,V2X,2024-10-07T16:31:09.000+00:00
10,22.0,0,0,maneuverStraightAllowedmaneuverLeftAllowed,V2X,2024-10-07T16:31:09.000+00:00
10,23.0,1,0,maneuverStraightAllowedmaneuverLeftAllowed,V2X,2024-10-07T16:31:09.000+00:00
10,24.0,1,0,maneuverStraightAllowedmaneuverRightAllowed,V2X,2024-10-07T16:31:09.000+00:00
10,41.0,0,0,maneuverStraightAllowedmaneuverRightAllowed,V2X,2024-10-07T16:31:09.000+00:00
10,42.0,0,0,maneuverStraightAllowed,V2X,2024-10-07T16:31:09.000+00:00
10,43.0,0,0,maneuverLeftAllowed,V2X,2024-10-07T16:31:09.000+00:00
10,44.0,1,0,maneuverLeftAllowed,V2X,2024-10-07T16:31:09.000+00:00
10,45.0,1,0,maneuverStraightAllowed,V2X,2024-10-07T16:31:09.000+00:00
10,46.0,1,0,maneuverStraightAllowedmaneuverRightAllowed,V2X,2024-10-07T16:31:09.000+00:00
10,61.0,0,0,maneuverStraightAllowedmaneuverRightAllowed,V2X,2024-10-07T16:31:09.000+00:00
10,62.0,0,0,maneuverStraightAllowedmaneuverLeftAllowed,V2X,2024-10-07T16:31:09.000+00:00
10,63.0,1,0,maneuverStraightAllowedmaneuverLeftAllowed,V2X,2024-10-07T16:31:09.000+00:00
10,64.0,1,0,maneuverStraightAllowedmaneuverRightAllowed,V2X,2024-10-07T16:31:09.000+00:00
1007,1.0,0,0,maneuverStraightAllowed,V2X,2024-10-07T16:31:11.000+00:00
1007,2.0,0,0,maneuverStraightAllowed,V2X,2024-10-07T16:31:11.000+00:00
1007,3.0,0,0,maneuverLeftAllowed,V2X,2024-10-07T16:31:11.000+00:00
1007,4.0,1,0,maneuverStraightAllowed,V2X,2024-10-07T16:31:11.000+00:00
1007,5.0,1,0,maneuverStraightAllowedmaneuverRightAllowed,V2X,2024-10-07T16:31:11.000+00:00
1007,21.0,0,0,maneuverRightAllowedmaneuverLeftAllowed,V2X,2024-10-07T16:31:11.000+00:00
1007,22.0,1,0,maneuverRightAllowedmaneuverLeftAllowed,V2X,2024-10-07T16:31:11.000+00:00
1007,41.0,0,0,maneuverStraightAllowedmaneuverRightAllowed,V2X,2024-10-07T16:31:11.000+00:00
1007,42.0,0,0,maneuverStraightAllowed,V2X,2024-10-07T16:31:11.000+00:00
1007,43.0,1,0,maneuverStraightAllowedmaneuverLeftAllowed,V2X,2024-10-07T16:31:11.000+00:00
1007,44.0,1,0,maneuverStraightAllowed,V2X,2024-10-07T16:31:11.000+00:00
101,1.0,0,0,maneuverStraightAllowedmaneuverRightAllowed,V2X,2024-10-07T16:31:10.000+00:00
101,2.0,0,0,maneuverStraightAllowed,V2X,2024-10-07T16:31:10.000+00:00
101,3.0,0,0,maneuverStraightAllowed,V2X,2024-10-07T16:31:10.000+00:00
101,4.0,0,0,maneuverLeftAllowedmaneuverUTurnAllowed,V2X,2024-10-07T16:31:10.000+00:00
101,5.0,1,0,maneuverStraightAllowedmaneuverLeftAllowed,V2X,2024-10-07T16:31:10.000+00:00
101,6.0,1,0,maneuverStraightAllowed,V2X,2024-10-07T16:31:10.000+00:00
101,7.0,1,0,maneuverStraightAllowedmaneuverUTurnAllowed,V2X,2024-10-07T16:31:10.000+00:00
101,8.0,1,0,maneuverRightAllowed,V2X,2024-10-07T16:31:10.000+00:00
101,21.0,0,0,maneuverRightAllowed,V2X,2024-10-07T16:31:10.000+00:00
101,22.0,0,0,maneuverStraightAllowed,V2X,2024-10-07T16:31:10.000+00:00
101,23.0,0,0,maneuverStraightAllowed,V2X,2024-10-07T16:31:10.000+00:00
101,24.0,0,0,maneuverStraightAllowed,V2X,2024-10-07T16:31:10.000+00:00
101,25.0,0,0,maneuverLeftAllowed,V2X,2024-10-07T16:31:10.000+00:00
101,26.0,0,0,maneuverLeftAllowedmaneuverUTurnAllowed,V2X,2024-10-07T16:31:10.000+00:00
101,27.0,1,0,maneuverStraightAllowedmaneuverLeftAllowed,V2X,2024-10-07T16:31:10.000+00:00
101,28.0,1,0,maneuverStraightAllowed,V2X,2024-10-07T16:31:10.000+00:00
101,29.0,1,0,maneuverStraightAllowedmaneuverRightAllowedmaneuverUTurnAllowed,V2X,2024-10-07T16:31:10.000+00:00
101,41.0,0,0,maneuverRightAllowed,V2X,2024-10-07T16:31:10.000+00:00
101,42.0,0,0,maneuverStraightAllowed,V2X,2024-10-07T16:31:10.000+00:00
101,43.0,0,0,maneuverStraightAllowed,V2X,2024-10-07T16:31:10.000+00:00
101,44.0,0,0,maneuverStraightAllowedmaneuverLeftAllowed,V2X,2024-10-07T16:31:10.000+00:00
101,45.0,0,0,maneuverLeftAllowedmaneuverUTurnAllowed,V2X,2024-10-07T16:31:10.000+00:00
101,46.0,1,0,maneuverLeftAllowed,V2X,2024-10-07T16:31:10.000+00:00
101,47.0,1,0,maneuverStraightAllowedmaneuverLeftAllowed,V2X,2024-10-07T16:31:10.000+00:00
101,48.0,1,0,maneuverStraightAllowedmaneuverUTurnAllowed,V2X,2024-10-07T16:31:10.000+00:00
101,49.0,1,0,maneuverStraightAllowed,V2X,2024-10-07T16:31:10.000+00:00
101,50.0,1,0,maneuverRightAllowed,V2X,2024-10-07T16:31:10.000+00:00
101,61.0,0,0,maneuverRightAllowed,V2X,2024-10-07T16:31:10.000+00:00
101,62.0,0,0,maneuverStraightAllowed,V2X,2024-10-07T16:31:10.000+00:00
101,63.0,0,0,maneuverStraightAllowed,V2X,2024-10-07T16:31:10.000+00:00
101,64.0,0,0,maneuverStraightAllowed,V2X,2024-10-07T16:31:10.000+00:00
101,65.0,0,0,maneuverLeftAllowed,V2X,2024-10-07T16:31:10.000+00:00
101,66.0,1,0,maneuverStraightAllowedmaneuverLeftAllowed,V2X,2024-10-07T16:31:10.000+00:00
101,67.0,1,0,maneuverStraightAllowedmaneuverLeftAllowed,V2X,2024-10-07T16:31:10.000+00:00
101,68.0,1,0,maneuverStraightAllowed,V2X,2024-10-07T16:31:10.000+00:00
101,69.0,1,0,maneuverRightAllowed,V2X,2024-10-07T16:31:10.000+00:00
1014,1.0,0,0,maneuverStraightAllowedmaneuverRightAllowed,V2X,2024-10-07T16:31:11.000+00:00
1014,2.0,0,0,maneuverStraightAllowedmaneuverLeftAllowed,V2X,2024-10-07T16:31:11.000+00:00
1014,3.0,1,0,maneuverStraightAllowedmaneuverLeftAllowed,V2X,2024-10-07T16:31:11.000+00:00
1014,4.0,1,0,maneuverStraightAllowedmaneuverRightAllowed,V2X,2024-10-07T16:31:11.000+00:00
1014,21.0,0,0,maneuverStraightAllowedmaneuverRightAllowed,V2X,2024-10-07T16:31:11.000+00:00
1014,22.0,0,0,maneuverStraightAllowed,V2X,2024-10-07T16:31:11.000+00:00
1014,23.0,0,0,maneuverLeftAllowed,V2X,2024-10-07T16:31:11.000+00:00
1014,24.0,1,0,maneuverStraightAllowedmaneuverLeftAllowed,V2X,2024-10-07T16:31:11.000+00:00
1014,25.0,1,0,maneuverStraightAllowedmaneuverRightAllowed,V2X,2024-10-07T16:31:11.000+00:00
1014,41.0,0,0,maneuverStraightAllowedmaneuverRightAllowed,V2X,2024-10-07T16:31:11.000+00:00
1014,42.0,0,0,maneuverStraightAllowedmaneuverLeftAllowed,V2X,2024-10-07T16:31:11.000+00:00
1014,43.0,1,0,maneuverStraightAllowedmaneuverLeftAllowed,V2X,2024-10-07T16:31:11.000+00:00
1014,44.0,1,0,maneuverStraightAllowedmaneuverRightAllowed,V2X,2024-10-07T16:31:11.000+00:00
1014,61.0,0,0,maneuverStraightAllowedmaneuverRightAllowed,V2X,2024-10-07T16:31:11.000+00:00
1014,62.0,0,0,maneuverStraightAllowed,V2X,2024-10-07T16:31:11.000+00:00
1014,63.0,0,0,maneuverLeftAllowed,V2X,2024-10-07T16:31:11.000+00:00
1014,64.0,1,0,maneuverStraightAllowedmaneuverLeftAllowed,V2X,2024-10-07T16:31:11.000+00:00
1014,65.0,1,0,maneuverStraightAllowedmaneuverRightAllowed,V2X,2024-10-07T16:31:11.000+00:00
1015,1.0,0,0,maneuverStraightAllowed,V2X,2024-10-07T16:31:10.000+00:00
1015,2.0,0,0,maneuverStraightAllowed,V2X,2024-10-07T16:31:10.000+00:00
1015,3.0,0,0,maneuverStraightAllowed,V2X,2024-10-07T16:31:10.000+00:00
1015,4.0,0,0,maneuverStraightAllowed,V2X,2024-10-07T16:31:10.000+00:00
1015,5.0,0,0,maneuverStraightAllowed,V2X,2024-10-07T16:31:10.000+00:00
1015,6.0,0,0, ,V2X,2024-10-07T16:31:10.000+00:00
1015,7.0,1,0,maneuverStraightAllowed,V2X,2024-10-07T16:31:10.000+00:00
1015,8.0,1,0,maneuverStraightAllowed,V2X,2024-10-07T16:31:10.000+00:00
1015,9.0,1,0,maneuverStraightAllowed,V2X,2024-10-07T16:31:10.000+00:00
1015,10.0,1,0,maneuverStraightAllowed,V2X,2024-10-07T16:31:10.000+00:00
1015,11.0,1,0,maneuverStraightAllowed,V2X,2024-10-07T16:31:10.000+00:00
1015,21.0,0,0,maneuverStraightAllowed,V2X,2024-10-07T16:31:10.000+00:00
1015,22.0,0,0,maneuverStraightAllowed,V2X,2024-10-07T16:31:10.000+00:00
1015,23.0,0,0,maneuverStraightAllowed,V2X,2024-10-07T16:31:10.000+00:00
1015,24.0,0,0,maneuverStraightAllowed,V2X,2024-10-07T16:31:10.000+00:00
1015,25.0,0,0,maneuverStraightAllowed,V2X,2024-10-07T16:31:10.000+00:00
1015,26.0,0,0, ,V2X,2024-10-07T16:31:10.000+00:00
1015,27.0,1,0,maneuverStraightAllowed,V2X,2024-10-07T16:31:10.000+00:00
1015,28.0,1,0,maneuverStraightAllowed,V2X,2024-10-07T16:31:10.000+00:00
1015,29.0,1,0,maneuverStraightAllowed,V2X,2024-10-07T16:31:10.000+00:00
1015,30.0,1,0,maneuverStraightAllowed,V2X,2024-10-07T16:31:10.000+00:00
1015,31.0,1,0,maneuverStraightAllowed,V2X,2024-10-07T16:31:10.000+00:00
1016,1.0,0,0,maneuverRightAllowed,V2X,2024-10-07T16:31:08.000+00:00
1016,2.0,0,0,maneuverStraightAllowed,V2X,2024-10-07T16:31:08.000+00:00
1016,3.0,0,0,maneuverStraightAllowed,V2X,2024-10-07T16:31:08.000+00:00
1016,4.0,0,0,maneuverLeftAllowed,V2X,2024-10-07T16:31:08.000+00:00
1016,5.0,1,0,maneuverStraightAllowedmaneuverLeftAllowed,V2X,2024-10-07T16:31:08.000+00:00
1016,6.0,1,0,maneuverStraightAllowed,V2X,2024-10-07T16:31:08.000+00:00
1016,7.0,1,0,maneuverStraightAllowedmaneuverRightAllowed,V2X,2024-10-07T16:31:08.000+00:00
1016,21.0,0,0,maneuverStraightAllowedmaneuverRightAllowedmaneuverLeftAllowed,V2X,2024-10-07T16:31:08.000+00:00
1016,22.0,1,0,maneuverStraightAllowedmaneuverRightAllowedmaneuverLeftAllowed,V2X,2024-10-07T16:31:08.000+00:00
1016,41.0,0,0,maneuverRightAllowed,V2X,2024-10-07T16:31:08.000+00:00
1016,42.0,0,0,maneuverStraightAllowed,V2X,2024-10-07T16:31:08.000+00:00
1016,43.0,0,0,maneuverStraightAllowed,V2X,2024-10-07T16:31:08.000+00:00
1016,44.0,0,0,maneuverStraightAllowed,V2X,2024-10-07T16:31:08.000+00:00
1016,45.0,0,0,maneuverLeftAllowed,V2X,2024-10-07T16:31:08.000+00:00
1016,46.0,1,0,maneuverStraightAllowedmaneuverLeftAllowed,V2X,2024-10-07T16:31:08.000+00:00
1016,47.0,1,0,maneuverStraightAllowed,V2X,2024-10-07T16:31:08.000+00:00
1016,48.0,1,0,maneuverRightAllowed,V2X,2024-10-07T16:31:08.000+00:00
1016,61.0,0,0,maneuverRightAllowed,V2X,2024-10-07T16:31:08.000+00:00
1016,62.0,0,0,maneuverStraightAllowedmaneuverLeftAllowed,V2X,2024-10-07T16:31:08.000+00:00
1016,63.0,1,0,maneuverStraightAllowedmaneuverRightAllowedmaneuverLeftAllowed,V2X,2024-10-07T16:31:08.000+00:00
1017,1.0,0,0,maneuverStraightAllowedmaneuverRightAllowedmaneuverLeftAllowed,V2X,2024-10-07T16:31:11.000+00:00
1017,2.0,1,0,maneuverStraightAllowedmaneuverRightAllowedmaneuverLeftAllowed,V2X,2024-10-07T16:31:11.000+00:00
1017,21.0,0,0,maneuverStraightAllowedmaneuverRightAllowed,V2X,2024-10-07T16:31:11.000+00:00
1017,22.0,0,0,maneuverLeftAllowed,V2X,2024-10-07T16:31:11.000+00:00
1017,23.0,1,0,maneuverStraightAllowedmaneuverRightAllowedmaneuverLeftAllowed,V2X,2024-10-07T16:31:11.000+00:00
1017,41.0,0,0,maneuverStraightAllowedmaneuverRightAllowedmaneuverLeftAllowed,V2X,2024-10-07T16:31:11.000+00:00
1017,42.0,1,0,maneuverStraightAllowedmaneuverRightAllowedmaneuverLeftAllowed,V2X,2024-10-07T16:31:11.000+00:00
1017,61.0,0,0,maneuverStraightAllowedmaneuverRightAllowed,V2X,2024-10-07T16:31:11.000+00:00
1017,62.0,0,0,maneuverLeftAllowed,V2X,2024-10-07T16:31:11.000+00:00
1017,63.0,1,0,maneuverStraightAllowedmaneuverRightAllowedmaneuverLeftAllowed,V2X,2024-10-07T16:31:11.000+00:00
1029,1.0,0,0,maneuverStraightAllowedmaneuverRightAllowed,V2X,2024-10-07T16:31:11.000+00:00
1029,2.0,0,0,maneuverStraightAllowed,V2X,2024-10-07T16:31:11.000+00:00
1029,3.0,0,0,maneuverStraightAllowed,V2X,2024-10-07T16:31:11.000+00:00
1029,4.0,0,0,maneuverLeftAllowed,V2X,2024-10-07T16:31:11.000+00:00
1029,5.0,1,0,maneuverStraightAllowedmaneuverLeftAllowed,V2X,2024-10-07T16:31:11.000+00:00
1029,6.0,1,0,maneuverStraightAllowedmaneuverLeftAllowed,V2X,2024-10-07T16:31:11.000+00:00
1029,7.0,1,0,maneuverStraightAllowed,V2X,2024-10-07T16:31:11.000+00:00
1029,8.0,1,0,maneuverStraightAllowedmaneuverRightAllowed,V2X,2024-10-07T16:31:11.000+00:00
1029,21.0,0,0,maneuverRightAllowed,V2X,2024-10-07T16:31:11.000+00:00
1029,22.0,0,0,maneuverStraightAllowed,V2X,2024-10-07T16:31:11.000+00:00
1029,23.0,0,0,maneuverLeftAllowed,V2X,2024-10-07T16:31:11.000+00:00
1029,24.0,1,0,maneuverStraightAllowedmaneuverLeftAllowed,V2X,2024-10-07T16:31:11.000+00:00
1029,25.0,1,0,maneuverStraightAllowedmaneuverRightAllowed,V2X,2024-10-07T16:31:11.000+00:00
1029,41.0,0,0,maneuverStraightAllowedmaneuverRightAllowed,V2X,2024-10-07T16:31:11.000+00:00
1029,42.0,0,0,maneuverStraightAllowed,V2X,2024-10-07T16:31:11.000+00:00
1029,43.0,0,0,maneuverStraightAllowed,V2X,2024-10-07T16:31:11.000+00:00
1029,44.0,0,0,maneuverStraightAllowed,V2X,2024-10-07T16:31:11.000+00:00
1029,45.0,0,0,maneuverLeftAllowed,V2X,2024-10-07T16:31:11.000+00:00
1029,46.0,1,0,maneuverStraightAllowedmaneuverLeftAllowed,V2X,2024-10-07T16:31:11.000+00:00
1029,47.0,1,0,maneuverStraightAllowed,V2X,2024-10-07T16:31:11.000+00:00
1029,48.0,1,0,maneuverStraightAllowedmaneuverRightAllowed,V2X,2024-10-07T16:31:11.000+00:00
1029,61.0,0,0,maneuverRightAllowed,V2X,2024-10-07T16:31:11.000+00:00
1029,62.0,0,0,maneuverStraightAllowed,V2X,2024-10-07T16:31:11.000+00:00
1029,63.0,0,0,maneuverStraightAllowed,V2X,2024-10-07T16:31:11.000+00:00
1029,64.0,0,0,maneuverLeftAllowed,V2X,2024-10-07T16:31:11.000+00:00
1029,65.0,0,0,maneuverLeftAllowed,V2X,2024-10-07T16:31:11.000+00:00
1029,66.0,1,0,maneuverLeftAllowed,V2X,2024-10-07T16:31:11.000+00:00
1029,67.0,1,0,maneuverStraightAllowed,V2X,2024-10-07T16:31:11.000+00:00
1029,68.0,1,0,maneuverRightAllowed,V2X,2024-10-07T16:31:11.000+00:00
1030,1.0,0,0,maneuverStraightAllowedmaneuverRightAllowed,V2X,2024-10-07T16:31:10.000+00:00
1030,2.0,0,0,maneuverStraightAllowed,V2X,2024-10-07T16:31:10.000+00:00
1030,3.0,0,0,maneuverStraightAllowed,V2X,2024-10-07T16:31:10.000+00:00
1030,4.0,0,0,maneuverLeftAllowed,V2X,2024-10-07T16:31:10.000+00:00
1030,5.0,0,0, ,V2X,2024-10-07T16:31:10.000+00:00
1030,6.0,1,0,maneuverStraightAllowedmaneuverLeftAllowed,V2X,2024-10-07T16:31:10.000+00:00
1030,7.0,1,0,maneuverStraightAllowed,V2X,2024-10-07T16:31:10.000+00:00
1030,8.0,1,0,maneuverStraightAllowedmaneuverRightAllowed,V2X,2024-10-07T16:31:10.000+00:00
1030,21.0,0,0,maneuverStraightAllowedmaneuverLeftAllowedmaneuverRightAllowed,V2X,2024-10-07T16:31:10.000+00:00
1030,22.0,1,0,maneuverStraightAllowedmaneuverLeftAllowedmaneuverRightAllowed,V2X,2024-10-07T16:31:10.000+00:00
1030,41.0,0,0,maneuverStraightAllowedmaneuverRightAllowed,V2X,2024-10-07T16:31:10.000+00:00
1030,42.0,0,0,maneuverStraightAllowed,V2X,2024-10-07T16:31:10.000+00:00
1030,43.0,0,0,maneuverStraightAllowed,V2X,2024-10-07T16:31:10.000+00:00
1030,44.0,0,0,maneuverLeftAllowed,V2X,2024-10-07T16:31:10.000+00:00
1030,45.0,0,0, ,V2X,2024-10-07T16:31:10.000+00:00
1030,46.0,1,0,maneuverStraightAllowedmaneuverLeftAllowed,V2X,2024-10-07T16:31:10.000+00:00
1030,47.0,1,0,maneuverStraightAllowed,V2X,2024-10-07T16:31:10.000+00:00
1030,48.0,1,0,maneuverStraightAllowedmaneuverRightAllowed,V2X,2024-10-07T16:31:10.000+00:00
1030,61.0,0,0,maneuverStraightAllowedmaneuverLeftAllowedmaneuverRightAllowed,V2X,2024-10-07T16:31:10.000+00:00
1030,62.0,1,0,maneuverStraightAllowedmaneuverLeftAllowedmaneuverRightAllowed,V2X,2024-10-07T16:31:10.000+00:00
1031,1.0,0,0,maneuverStraightAllowedmaneuverRightAllowed,V2X,2024-10-07T16:31:10.000+00:00
1031,2.0,0,0,maneuverStraightAllowedmaneuverLeftAllowed,V2X,2024-10-07T16:31:10.000+00:00
1031,3.0,1,0,maneuverLeftAllowed,V2X,2024-10-07T16:31:10.000+00:00
1031,4.0,1,0, ,V2X,2024-10-07T16:31:10.000+00:00
1031,21.0,0,0,maneuverStraightAllowed,V2X,2024-10-07T16:31:10.000+00:00
1031,22.0,0,0,maneuverStraightAllowed,V2X,2024-10-07T16:31:10.000+00:00
1031,23.0,0,0,maneuverStraightAllowed,V2X,2024-10-07T16:31:10.000+00:00
1031,24.0,0,0, ,V2X,2024-10-07T16:31:10.000+00:00
1031,25.0,1,0,maneuverStraightAllowedmaneuverLeftAllowed,V2X,2024-10-07T16:31:10.000+00:00
1031,26.0,1,0,maneuverStraightAllowedmaneuverLeftAllowed,V2X,2024-10-07T16:31:10.000+00:00
1031,27.0,1,0,maneuverStraightAllowed,V2X,2024-10-07T16:31:10.000+00:00
1031,41.0,0,0,maneuverStraightAllowed,V2X,2024-10-07T16:31:10.000+00:00
1031,42.0,0,0,maneuverStraightAllowed,V2X,2024-10-07T16:31:10.000+00:00
1031,43.0,0,0,maneuverStraightAllowed,V2X,2024-10-07T16:31:10.000+00:00
1031,44.0,0,0, ,V2X,2024-10-07T16:31:10.000+00:00
1031,45.0,1,0,maneuverStraightAllowed,V2X,2024-10-07T16:31:10.000+00:00
1031,46.0,1,0,maneuverStraightAllowed,V2X,2024-10-07T16:31:10.000+00:00
1031,47.0,1,0,maneuverStraightAllowedmaneuverRightAllowed,V2X,2024-10-07T16:31:10.000+00:00
1031,61.0,0,0,maneuverRightAllowed,V2X,2024-10-07T16:31:10.000+00:00
1031,62.0,0,0,maneuverLeftAllowed,V2X,2024-10-07T16:31:10.000+00:00
1031,63.0,0,0,maneuverLeftAllowed,V2X,2024-10-07T16:31:10.000+00:00
1031,64.0,1,0,maneuverRightAllowed,V2X,2024-10-07T16:31:10.000+00:00
1037,1.0,0,0,maneuverStraightAllowed,V2X,2024-10-07T16:31:10.000+00:00
1037,2.0,0,0,maneuverStraightAllowed,V2X,2024-10-07T16:31:10.000+00:00
1037,3.0,0,0,maneuverStraightAllowed,V2X,2024-10-07T16:31:10.000+00:00
1037,4.0,0,0,maneuverLeftAllowed,V2X,2024-10-07T16:31:10.000+00:00
1037,5.0,1,0, ,V2X,2024-10-07T16:31:10.000+00:00
1037,6.0,1,0,maneuverStraightAllowed,V2X,2024-10-07T16:31:10.000+00:00
1037,7.0,1,0,maneuverStraightAllowed,V2X,2024-10-07T16:31:10.000+00:00
1037,8.0,1,0,maneuverStraightAllowedmaneuverRightAllowed,V2X,2024-10-07T16:31:10.000+00:00
1037,21.0,0,0,maneuverRightAllowed,V2X,2024-10-07T16:31:10.000+00:00
1037,22.0,0,0,maneuverLeftAllowed,V2X,2024-10-07T16:31:10.000+00:00
1037,23.0,1,0,maneuverLeftAllowed,V2X,2024-10-07T16:31:10.000+00:00
1037,24.0,1,0,maneuverRightAllowed,V2X,2024-10-07T16:31:10.000+00:00
1037,41.0,0,0,maneuverStraightAllowedmaneuverRightAllowed,V2X,2024-10-07T16:31:10.000+00:00
1037,42.0,0,0,maneuverStraightAllowed,V2X,2024-10-07T16:31:10.000+00:00
1037,43.0,0,0,maneuverStraightAllowed,V2X,2024-10-07T16:31:10.000+00:00
1037,44.0,1,0,maneuverLeftAllowed,V2X,2024-10-07T16:31:10.000+00:00
1037,45.0,1,0,maneuverStraightAllowed,V2X,2024-10-07T16:31:10.000+00:00
1037,46.0,1,0,maneuverStraightAllowed,V2X,2024-10-07T16:31:10.000+00:00
1037,47.0,1,0,maneuverStraightAllowed,V2X,2024-10-07T16:31:10.000+00:00
1038,1.0,0,0,maneuverStraightAllowedmaneuverRightAllowed,V2X,2024-10-07T16:31:08.000+00:00
1038,2.0,0,0,maneuverStraightAllowed,V2X,2024-10-07T16:31:08.000+00:00
1038,3.0,0,0,maneuverStraightAllowed,V2X,2024-10-07T16:31:08.000+00:00
1038,4.0,1,0,maneuverStraightAllowedmaneuverLeftAllowed,V2X,2024-10-07T16:31:08.000+00:00
1038,5.0,1,0,maneuverStraightAllowed,V2X,2024-10-07T16:31:08.000+00:00
1038,6.0,1,0,maneuverStraightAllowedmaneuverRightAllowed,V2X,2024-10-07T16:31:08.000+00:00
1038,21.0,0,0,maneuverRightAllowedmaneuverStraightAllowed,V2X,2024-10-07T16:31:08.000+00:00
1038,22.0,0,0,maneuverLeftAllowed,V2X,2024-10-07T16:31:08.000+00:00
1038,23.0,0,0,maneuverStraightAllowed,V2X,2024-10-07T16:31:08.000+00:00
1038,24.0,0,0,maneuverLeftAllowed,V2X,2024-10-07T16:31:08.000+00:00
1038,25.0,1,0,maneuverStraightAllowed,V2X,2024-10-07T16:31:08.000+00:00
1038,26.0,1,0,maneuverStraightAllowedmaneuverRightAllowed,V2X,2024-10-07T16:31:08.000+00:00
1038,41.0,0,0,maneuverStraightAllowedmaneuverRightAllowed,V2X,2024-10-07T16:31:08.000+00:00
1038,42.0,0,0,maneuverStraightAllowed,V2X,2024-10-07T16:31:08.000+00:00
1038,43.0,0,0,maneuverStraightAllowed,V2X,2024-10-07T16:31:08.000+00:00
1038,44.0,0,0,maneuverLeftAllowed,V2X,2024-10-07T16:31:08.000+00:00
1038,45.0,1,0,maneuverStraightAllowedmaneuverLeftAllowed,V2X,2024-10-07T16:31:08.000+00:00
1038,46.0,1,0,maneuverStraightAllowedmaneuverLeftAllowed,V2X,2024-10-07T16:31:08.000+00:00
1038,47.0,1,0,maneuverStraightAllowedmaneuverRightAllowed,V2X,2024-10-07T16:31:08.000+00:00
1038,61.0,0,0,maneuverStraightAllowedmaneuverRightAllowed,V2X,2024-10-07T16:31:08.000+00:00
1038,62.0,0,0,maneuverStraightAllowed,V2X,2024-10-07T16:31:08.000+00:00
1038,63.0,0,0,maneuverLeftAllowed,V2X,2024-10-07T16:31:08.000+00:00
1038,64.0,1,0,maneuverStraightAllowedmaneuverLeftAllowed,V2X,2024-10-07T16:31:08.000+00:00
1038,65.0,1,0,maneuverRightAllowedmaneuverStraightAllowed,V2X,2024-10-07T16:31:08.000+00:00
1038,66.0,0,0,maneuverLeftAllowed,V2X,2024-10-07T16:31:08.000+00:00
1038,67.0,1,0,maneuverRightAllowed,V2X,2024-10-07T16:31:08.000+00:00
1040,1.0,0,0,maneuverStraightAllowedmaneuverRightAllowed,V2X,2024-10-07T16:31:11.000+00:00
1040,2.0,0,0,maneuverStraightAllowed,V2X,2024-10-07T16:31:11.000+00:00
1040,3.0,0,0,maneuverLeftAllowed,V2X,2024-10-07T16:31:11.000+00:00
1040,4.0,1,0,maneuverStraightAllowedmaneuverLeftAllowed,V2X,2024-10-07T16:31:11.000+00:00
1040,5.0,1,0,maneuverRightAllowed,V2X,2024-10-07T16:31:11.000+00:00
1040,21.0,0,0,maneuverRightAllowedmaneuverLeftAllowed,V2X,2024-10-07T16:31:11.000+00:00
1040,22.0,1,0,maneuverRightAllowedmaneuverLeftAllowed,V2X,2024-10-07T16:31:11.000+00:00
1040,41.0,0,0,maneuverRightAllowed,V2X,2024-10-07T16:31:11.000+00:00
1040,42.0,0,0,maneuverStraightAllowed,V2X,2024-10-07T16:31:11.000+00:00
1040,43.0,0,0,maneuverLeftAllowed,V2X,2024-10-07T16:31:11.000+00:00
1040,44.0,1,0,maneuverStraightAllowedmaneuverLeftAllowed,V2X,2024-10-07T16:31:11.000+00:00
1040,45.0,1,0,maneuverStraightAllowedmaneuverRightAllowed,V2X,2024-10-07T16:31:11.000+00:00
1040,61.0,0,0,maneuverRightAllowedmaneuverLeftAllowed,V2X,2024-10-07T16:31:11.000+00:00
1040,62.0,1,0,maneuverRightAllowedmaneuverLeftAllowed,V2X,2024-10-07T16:31:11.000+00:00
1041,1.0,0,0,maneuverStraightAllowed,V2X,2024-10-07T16:31:09.000+00:00
1041,2.0,0,0,maneuverStraightAllowed,V2X,2024-10-07T16:31:09.000+00:00
1041,3.0,0,0,maneuverStraightAllowed,V2X,2024-10-07T16:31:09.000+00:00
1041,4.0,0,0,maneuverLeftAllowed,V2X,2024-10-07T16:31:09.000+00:00
1041,5.0,1,0,maneuverStraightAllowed,V2X,2024-10-07T16:31:09.000+00:00
1041,6.0,1,0,maneuverStraightAllowed,V2X,2024-10-07T16:31:09.000+00:00
1041,7.0,1,0,maneuverStraightAllowedmaneuverRightAllowed,V2X,2024-10-07T16:31:09.000+00:00
1041,21.0,0,0,maneuverRightAllowedmaneuverLeftAllowed,V2X,2024-10-07T16:31:09.000+00:00
1041,22.0,1,0,maneuverRightAllowedmaneuverLeftAllowed,V2X,2024-10-07T16:31:09.000+00:00
1041,41.0,0,0,maneuverStraightAllowedmaneuverRightAllowed,V2X,2024-10-07T16:31:09.000+00:00
1041,42.0,0,0,maneuverStraightAllowed,V2X,2024-10-07T16:31:09.000+00:00
1041,43.0,0,0,maneuverStraightAllowed,V2X,2024-10-07T16:31:09.000+00:00
1041,44.0,0,0, ,V2X,2024-10-07T16:31:09.000+00:00
1041,45.0,1,0,maneuverStraightAllowedmaneuverLeftAllowed,V2X,2024-10-07T16:31:09.000+00:00
1041,46.0,1,0,maneuverStraightAllowed,V2X,2024-10-07T16:31:09.000+00:00
1041,47.0,1,0,maneuverStraightAllowed,V2X,2024-10-07T16:31:09.000+00:00
1042,1.0,0,0,maneuverRightAllowed,V2X,2024-10-07T16:31:09.000+00:00
1042,21.0,0,0,maneuverStraightAllowed,V2X,2024-10-07T16:31:09.000+00:00
1042,22.0,0,0,maneuverStraightAllowed,V2X,2024-10-07T16:31:09.000+00:00
1042,23.0,0,0,maneuverStraightAllowed,V2X,2024-10-07T16:31:09.000+00:00
1042,24.0,0,0,maneuverStraightAllowed,V2X,2024-10-07T16:31:09.000+00:00
1042,25.0,0,0,maneuverStraightAllowed,V2X,2024-10-07T16:31:09.000+00:00
1042,26.0,0,0,maneuverStraightAllowed,V2X,2024-10-07T16:31:09.000+00:00
1042,27.0,0,0, ,V2X,2024-10-07T16:31:09.000+00:00
1042,28.0,1,0,maneuverStraightAllowed,V2X,2024-10-07T16:31:09.000+00:00
1042,29.0,1,0,maneuverStraightAllowed,V2X,2024-10-07T16:31:09.000+00:00
1042,30.0,1,0,maneuverStraightAllowed,V2X,2024-10-07T16:31:09.000+00:00
1042,31.0,1,0,maneuverStraightAllowed,V2X,2024-10-07T16:31:09.000+00:00
1042,32.0,1,0,maneuverStraightAllowed,V2X,2024-10-07T16:31:09.000+00:00
1042,33.0,1,0,maneuverRightAllowed,V2X,2024-10-07T16:31:09.000+00:00
1042,41.0,0,0,maneuverRightAllowedmaneuverLeftAllowed,V2X,2024-10-07T16:31:09.000+00:00
1042,42.0,1,0, ,V2X,2024-10-07T16:31:09.000+00:00
1042,61.0,0,0,maneuverStraightAllowed,V2X,2024-10-07T16:31:09.000+00:00
1042,62.0,0,0,maneuverStraightAllowed,V2X,2024-10-07T16:31:09.000+00:00
1042,63.0,0,0,maneuverStraightAllowed,V2X,2024-10-07T16:31:09.000+00:00
1042,64.0,0,0,maneuverStraightAllowed,V2X,2024-10-07T16:31:09.000+00:00
1042,65.0,0,0,maneuverStraightAllowed,V2X,2024-10-07T16:31:09.000+00:00
1042,66.0,1,0,maneuverStraightAllowedmaneuverLeftAllowed,V2X,2024-10-07T16:31:09.000+00:00
1042,67.0,1,0,maneuverStraightAllowed,V2X,2024-10-07T16:31:09.000+00:00
1042,68.0,1,0,maneuverStraightAllowed,V2X,2024-10-07T16:31:09.000+00:00
1042,69.0,1,0,maneuverStraightAllowed,V2X,2024-10-07T16:31:09.000+00:00
1042,70.0,1,0,maneuverStraightAllowed,V2X,2024-10-07T16:31:09.000+00:00
1042,71.0,1,0,maneuverStraightAllowedmaneuverRightAllowed,V2X,2024-10-07T16:31:09.000+00:00
1047,1.0,0,0,maneuverRightAllowed,V2X,2024-10-07T16:31:08.000+00:00
1047,21.0,0,0,maneuverStraightAllowed,V2X,2024-10-07T16:31:08.000+00:00
1047,22.0,0,0,maneuverStraightAllowed,V2X,2024-10-07T16:31:08.000+00:00
1047,23.0,0,0,maneuverLeftAllowed,V2X,2024-10-07T16:31:08.000+00:00
1047,24.0,0,0,maneuverLeftAllowed,V2X,2024-10-07T16:31:08.000+00:00
1047,25.0,1,0,maneuverStraightAllowed,V2X,2024-10-07T16:31:08.000+00:00
1047,26.0,1,0,maneuverStraightAllowed,V2X,2024-10-07T16:31:08.000+00:00
1047,27.0,1,0,maneuverStraightAllowedmaneuverRightAllowed,V2X,2024-10-07T16:31:08.000+00:00
1047,41.0,0,0,maneuverRightAllowed,V2X,2024-10-07T16:31:08.000+00:00
1047,42.0,1,0,maneuverRightAllowed,V2X,2024-10-07T16:31:08.000+00:00
1047,61.0,0,0,maneuverStraightAllowedmaneuverRightAllowed,V2X,2024-10-07T16:31:08.000+00:00
1047,62.0,0,0,maneuverStraightAllowed,V2X,2024-10-07T16:31:08.000+00:00
1047,63.0,1,0,maneuverLeftAllowed,V2X,2024-10-07T16:31:08.000+00:00
1047,64.0,1,0,maneuverLeftAllowed,V2X,2024-10-07T16:31:08.000+00:00
1047,81.0,0,0,maneuverStraightAllowed,V2X,2024-10-07T16:31:08.000+00:00
1047,82.0,0,0,maneuverStraightAllowed,V2X,2024-10-07T16:31:08.000+00:00
1047,83.0,0,0,maneuverStraightAllowed,V2X,2024-10-07T16:31:08.000+00:00
1047,84.0,1,0,maneuverStraightAllowed,V2X,2024-10-07T16:31:08.000+00:00
1047,85.0,1,0,maneuverStraightAllowed,V2X,2024-10-07T16:31:08.000+00:00
1047,86.0,1,0,maneuverStraightAllowedmaneuverRightAllowed,V2X,2024-10-07T16:31:08.000+00:00
1049,1.0,0,0,maneuverStraightAllowed,V2X,2024-10-07T16:31:09.000+00:00
1049,2.0,0,0,maneuverStraightAllowed,V2X,2024-10-07T16:31:09.000+00:00
1049,3.0,0,0,maneuverStraightAllowed,V2X,2024-10-07T16:31:09.000+00:00
1049,4.0,0,0,maneuverStraightAllowed,V2X,2024-10-07T16:31:09.000+00:00
1049,5.0,1,0,maneuverStraightAllowed,V2X,2024-10-07T16:31:09.000+00:00
1049,6.0,1,0,maneuverStraightAllowed,V2X,2024-10-07T16:31:09.000+00:00
1049,7.0,1,0,maneuverStraightAllowed,V2X,2024-10-07T16:31:09.000+00:00
1049,8.0,1,0,maneuverStraightAllowed,V2X,2024-10-07T16:31:09.000+00:00
1049,9.0,1,0,maneuverStraightAllowed,V2X,2024-10-07T16:31:09.000+00:00
1049,10.0,1,0,maneuverStraightAllowed,V2X,2024-10-07T16:31:09.000+00:00
1049,21.0,0,0,maneuverStraightAllowed,V2X,2024-10-07T16:31:09.000+00:00
1049,22.0,0,0,maneuverStraightAllowed,V2X,2024-10-07T16:31:09.000+00:00
1049,23.0,0,0,maneuverStraightAllowed,V2X,2024-10-07T16:31:09.000+00:00
1049,24.0,0,0,maneuverStraightAllowed,V2X,2024-10-07T16:31:09.000+00:00
1049,25.0,0,0,maneuverStraightAllowed,V2X,2024-10-07T16:31:09.000+00:00
1049,26.0,0,0,maneuverStraightAllowed,V2X,2024-10-07T16:31:09.000+00:00
1049,27.0,0,0, ,V2X,2024-10-07T16:31:09.000+00:00
1049,28.0,1,0,maneuverStraightAllowed,V2X,2024-10-07T16:31:09.000+00:00
1049,29.0,1,0,maneuverStraightAllowed,V2X,2024-10-07T16:31:09.000+00:00
1049,30.0,1,0,maneuverStraightAllowed,V2X,2024-10-07T16:31:09.000+00:00
1049,31.0,1,0,maneuverStraightAllowed,V2X,2024-10-07T16:31:09.000+00:00
1057,1.0,0,0,maneuverStraightAllowedmaneuverRightAllowed,V2X,2024-10-07T16:31:11.000+00:00
1057,2.0,0,0,maneuverStraightAllowed,V2X,2024-10-07T16:31:11.000+00:00
1057,3.0,0,0,maneuverStraightAllowed,V2X,2024-10-07T16:31:11.000+00:00
1057,4.0,1,0,maneuverLeftAllowed,V2X,2024-10-07T16:31:11.000+00:00
1057,5.0,1,0,maneuverStraightAllowed,V2X,2024-10-07T16:31:11.000+00:00
1057,6.0,1,0,maneuverStraightAllowed,V2X,2024-10-07T16:31:11.000+00:00
1057,7.0,1,0,maneuverStraightAllowed,V2X,2024-10-07T16:31:11.000+00:00
1057,21.0,0,0,maneuverStraightAllowed,V2X,2024-10-07T16:31:11.000+00:00
1057,22.0,0,0,maneuverStraightAllowed,V2X,2024-10-07T16:31:11.000+00:00
1057,23.0,0,0,maneuverStraightAllowed,V2X,2024-10-07T16:31:11.000+00:00
1057,24.0,0,0,maneuverLeftAllowed,V2X,2024-10-07T16:31:11.000+00:00
1057,25.0,1,0,maneuverStraightAllowed,V2X,2024-10-07T16:31:11.000+00:00
1057,26.0,1,0,maneuverStraightAllowed,V2X,2024-10-07T16:31:11.000+00:00
1057,27.0,1,0,maneuverStraightAllowedmaneuverRightAllowed,V2X,2024-10-07T16:31:11.000+00:00
1057,41.0,0,0,maneuverRightAllowedmaneuverLeftAllowed,V2X,2024-10-07T16:31:11.000+00:00
1057,42.0,1,0,maneuverRightAllowedmaneuverLeftAllowed,V2X,2024-10-07T16:31:11.000+00:00
1058,1.0,0,0,maneuverStraightAllowedmaneuverRightAllowed,V2X,2024-10-07T16:31:11.000+00:00
1058,2.0,0,0,maneuverStraightAllowed,V2X,2024-10-07T16:31:11.000+00:00
1058,3.0,0,0,maneuverLeftAllowed,V2X,2024-10-07T16:31:11.000+00:00
1058,4.0,1,0,maneuverStraightAllowed,V2X,2024-10-07T16:31:11.000+00:00
1058,5.0,1,0,maneuverStraightAllowedmaneuverRightAllowed,V2X,2024-10-07T16:31:11.000+00:00
1058,21.0,0,0,maneuverRightAllowedmaneuverStraightAllowed,V2X,2024-10-07T16:31:11.000+00:00
1058,22.0,0,0,maneuverStraightAllowed,V2X,2024-10-07T16:31:11.000+00:00
1058,23.0,0,0,maneuverStraightAllowed,V2X,2024-10-07T16:31:11.000+00:00
1058,24.0,0,0,maneuverLeftAllowed,V2X,2024-10-07T16:31:11.000+00:00
1058,25.0,0,0,maneuverLeftAllowed,V2X,2024-10-07T16:31:11.000+00:00
1058,26.0,1,0,maneuverStraightAllowedmaneuverLeftAllowed,V2X,2024-10-07T16:31:11.000+00:00
1058,27.0,1,0,maneuverStraightAllowed,V2X,2024-10-07T16:31:11.000+00:00
1058,28.0,1,0,maneuverStraightAllowed,V2X,2024-10-07T16:31:11.000+00:00
1058,29.0,1,0,maneuverStraightAllowed,V2X,2024-10-07T16:31:11.000+00:00
1058,41.0,0,0,maneuverStraightAllowed,V2X,2024-10-07T16:31:11.000+00:00
1058,42.0,0,0,maneuverStraightAllowed,V2X,2024-10-07T16:31:11.000+00:00
1058,43.0,0,0,maneuverLeftAllowed,V2X,2024-10-07T16:31:11.000+00:00
1058,44.0,0,0,maneuverLeftAllowed,V2X,2024-10-07T16:31:11.000+00:00
1058,45.0,1,0,maneuverLeftAllowed,V2X,2024-10-07T16:31:11.000+00:00
1058,46.0,1,0,maneuverStraightAllowedmaneuverLeftAllowed,V2X,2024-10-07T16:31:11.000+00:00
1058,47.0,1,0,maneuverStraightAllowed,V2X,2024-10-07T16:31:11.000+00:00
1058,48.0,1,0,maneuverRightAllowed,V2X,2024-10-07T16:31:11.000+00:00
1058,61.0,0,0,maneuverRightAllowed,V2X,2024-10-07T16:31:11.000+00:00
1058,62.0,0,0,maneuverStraightAllowed,V2X,2024-10-07T16:31:11.000+00:00
1058,63.0,0,0,maneuverStraightAllowed,V2X,2024-10-07T16:31:11.000+00:00
1058,64.0,0,0,maneuverStraightAllowed,V2X,2024-10-07T16:31:11.000+00:00
1058,65.0,0,0,maneuverStraightAllowed,V2X,2024-10-07T16:31:11.000+00:00
1058,66.0,1,0,maneuverLeftAllowed,V2X,2024-10-07T16:31:11.000+00:00
1058,67.0,1,0,maneuverStraightAllowedmaneuverLeftAllowed,V2X,2024-10-07T16:31:11.000+00:00
1058,68.0,1,0,maneuverStraightAllowed,V2X,2024-10-07T16:31:11.000+00:00
1058,69.0,1,0,maneuverRightAllowedmaneuverStraightAllowed,V2X,2024-10-07T16:31:11.000+00:00
1059,1.0,0,0,maneuverStraightAllowedmaneuverRightAllowed,V2X,2024-10-07T16:31:11.000+00:00
1059,2.0,0,0,maneuverStraightAllowed,V2X,2024-10-07T16:31:11.000+00:00
1059,3.0,0,0,maneuverLeftAllowed,V2X,2024-10-07T16:31:11.000+00:00
1059,4.0,0,0,maneuverLeftAllowed,V2X,2024-10-07T16:31:11.000+00:00
1059,5.0,1,0,maneuverStraightAllowedmaneuverLeftAllowed,V2X,2024-10-07T16:31:11.000+00:00
1059,6.0,1,0,maneuverStraightAllowedmaneuverRightAllowed,V2X,2024-10-07T16:31:11.000+00:00
1059,21.0,0,0,maneuverStraightAllowedmaneuverRightAllowed,V2X,2024-10-07T16:31:11.000+00:00
1059,22.0,0,0,maneuverStraightAllowed,V2X,2024-10-07T16:31:11.000+00:00
1059,23.0,0,0,maneuverStraightAllowed,V2X,2024-10-07T16:31:11.000+00:00
1059,24.0,0,0,maneuverLeftAllowed,V2X,2024-10-07T16:31:11.000+00:00
1059,25.0,1,0,maneuverLeftAllowed,V2X,2024-10-07T16:31:11.000+00:00
1059,26.0,1,0,maneuverStraightAllowedmaneuverLeftAllowed,V2X,2024-10-07T16:31:11.000+00:00
1059,27.0,1,0,maneuverStraightAllowedmaneuverRightAllowed,V2X,2024-10-07T16:31:11.000+00:00
1059,41.0,0,0,maneuverStraightAllowedmaneuverRightAllowed,V2X,2024-10-07T16:31:11.000+00:00
1059,42.0,0,0,maneuverStraightAllowed,V2X,2024-10-07T16:31:11.000+00:00
1059,43.0,0,0,maneuverLeftAllowed,V2X,2024-10-07T16:31:11.000+00:00
1059,44.0,0,0,maneuverLeftAllowed,V2X,2024-10-07T16:31:11.000+00:00
1059,45.0,1,0,maneuverStraightAllowedmaneuverLeftAllowed,V2X,2024-10-07T16:31:11.000+00:00
1059,46.0,1,0,maneuverStraightAllowedmaneuverRightAllowed,V2X,2024-10-07T16:31:11.000+00:00
1059,61.0,0,0,maneuverStraightAllowedmaneuverRightAllowed,V2X,2024-10-07T16:31:11.000+00:00
1059,62.0,0,0,maneuverStraightAllowed,V2X,2024-10-07T16:31:11.000+00:00
1059,63.0,0,0,maneuverLeftAllowed,V2X,2024-10-07T16:31:11.000+00:00
1059,64.0,1,0,maneuverStraightAllowedmaneuverLeftAllowed,V2X,2024-10-07T16:31:11.000+00:00
1059,65.0,1,0,maneuverStraightAllowedmaneuverLeftAllowed,V2X,2024-10-07T16:31:11.000+00:00
1059,66.0,1,0,maneuverStraightAllowedmaneuverRightAllowed,V2X,2024-10-07T16:31:11.000+00:00
1062,1.0,0,0,maneuverRightAllowed,V2X,2024-10-07T16:31:11.000+00:00
1062,2.0,0,0,maneuverStraightAllowed,V2X,2024-10-07T16:31:11.000+00:00
1062,3.0,0,0,maneuverStraightAllowed,V2X,2024-10-07T16:31:11.000+00:00
1062,4.0,0,0,maneuverLeftAllowed,V2X,2024-10-07T16:31:11.000+00:00
1062,5.0,1,0,maneuverStraightAllowedmaneuverLeftAllowed,V2X,2024-10-07T16:31:11.000+00:00
1062,6.0,1,0,maneuverStraightAllowedmaneuverRightAllowed,V2X,2024-10-07T16:31:11.000+00:00
1062,21.0,0,0,maneuverStraightAllowedmaneuverRightAllowed,V2X,2024-10-07T16:31:11.000+00:00
1062,22.0,0,0,maneuverStraightAllowed,V2X,2024-10-07T16:31:11.000+00:00
1062,23.0,0,0,maneuverLeftAllowed,V2X,2024-10-07T16:31:11.000+00:00
1062,24.0,1,0,maneuverStraightAllowedmaneuverLeftAllowed,V2X,2024-10-07T16:31:11.000+00:00
1062,25.0,1,0,maneuverStraightAllowedmaneuverRightAllowed,V2X,2024-10-07T16:31:11.000+00:00
1062,41.0,0,0,maneuverStraightAllowedmaneuverRightAllowed,V2X,2024-10-07T16:31:11.000+00:00
1062,42.0,0,0,maneuverStraightAllowed,V2X,2024-10-07T16:31:11.000+00:00
1062,43.0,0,0,maneuverLeftAllowed,V2X,2024-10-07T16:31:11.000+00:00
1062,44.0,1,0,maneuverStraightAllowedmaneuverLeftAllowed,V2X,2024-10-07T16:31:11.000+00:00
1062,45.0,1,0,maneuverStraightAllowedmaneuverRightAllowed,V2X,2024-10-07T16:31:11.000+00:00
1062,61.0,0,0,maneuverStraightAllowedmaneuverRightAllowed,V2X,2024-10-07T16:31:11.000+00:00
1062,62.0,0,0,maneuverStraightAllowed,V2X,2024-10-07T16:31:11.000+00:00
1062,63.0,0,0,maneuverLeftAllowed,V2X,2024-10-07T16:31:11.000+00:00
1062,64.0,1,0,maneuverStraightAllowedmaneuverLeftAllowed,V2X,2024-10-07T16:31:11.000+00:00
1062,65.0,1,0,maneuverStraightAllowed,V2X,2024-10-07T16:31:11.000+00:00
1062,66.0,1,0,maneuverRightAllowed,V2X,2024-10-07T16:31:11.000+00:00
1063,1.0,0,0,maneuverRightAllowed,V2X,2024-10-07T16:31:11.000+00:00
1063,2.0,1,0,maneuverRightAllowed,V2X,2024-10-07T16:31:11.000+00:00
1063,21.0,0,0,maneuverRightAllowed,V2X,2024-10-07T16:31:11.000+00:00
1063,22.0,0,0,maneuverStraightAllowed,V2X,2024-10-07T16:31:11.000+00:00
1063,23.0,0,0,maneuverStraightAllowedmaneuverLeftAllowed,V2X,2024-10-07T16:31:11.000+00:00
1063,24.0,1,0,maneuverLeftAllowedmaneuverStraightAllowed,V2X,2024-10-07T16:31:11.000+00:00
1063,25.0,1,0,maneuverStraightAllowedmaneuverLeftAllowed,V2X,2024-10-07T16:31:11.000+00:00
1063,26.0,1,0,maneuverRightAllowed,V2X,2024-10-07T16:31:11.000+00:00
1063,41.0,0,0,maneuverRightAllowed,V2X,2024-10-07T16:31:11.000+00:00
1063,42.0,0,0,maneuverStraightAllowed,V2X,2024-10-07T16:31:11.000+00:00
1063,43.0,0,0,maneuverStraightAllowed,V2X,2024-10-07T16:31:11.000+00:00
1063,44.0,0,0,maneuverLeftAllowed,V2X,2024-10-07T16:31:11.000+00:00
1063,45.0,1,0,maneuverLeftAllowed,V2X,2024-10-07T16:31:11.000+00:00
1063,46.0,1,0,maneuverStraightAllowedmaneuverRightAllowed,V2X,2024-10-07T16:31:11.000+00:00
1063,61.0,0,0,maneuverStraightAllowedmaneuverRightAllowed,V2X,2024-10-07T16:31:11.000+00:00
1063,62.0,0,0,maneuverStraightAllowed,V2X,2024-10-07T16:31:11.000+00:00
1063,63.0,0,0,maneuverLeftAllowed,V2X,2024-10-07T16:31:11.000+00:00
1063,64.0,1,0,maneuverStraightAllowedmaneuverLeftAllowed,V2X,2024-10-07T16:31:11.000+00:00
1063,65.0,1,0,maneuverStraightAllowed,V2X,2024-10-07T16:31:11.000+00:00
1063,66.0,1,0,maneuverRightAllowed,V2X,2024-10-07T16:31:11.000+00:00
1063,81.0,0,0,maneuverRightAllowed,V2X,2024-10-07T16:31:11.000+00:00
1063,82.0,0,0,maneuverStraightAllowed,V2X,2024-10-07T16:31:11.000+00:00
1063,83.0,0,0,maneuverLeftAllowed,V2X,2024-10-07T16:31:11.000+00:00
1063,84.0,0,0,maneuverLeftAllowed,V2X,2024-10-07T16:31:11.000+00:00
1063,85.0,1,0,maneuverStraightAllowedmaneuverLeftAllowed,V2X,2024-10-07T16:31:11.000+00:00
1063,86.0,1,0,maneuverStraightAllowedmaneuverRightAllowed,V2X,2024-10-07T16:31:11.000+00:00
1066,1.0,0,3,maneuverStraightAllowedmaneuverRightAllowed,V2X,2024-10-07T16:31:08.000+00:00
1066,2.0,0,0,maneuverStraightAllowed,V2X,2024-10-07T16:31:08.000+00:00
1066,3.0,0,0,maneuverStraightAllowed,V2X,2024-10-07T16:31:08.000+00:00
1066,4.0,0,0,maneuverLeftAllowed,V2X,2024-10-07T16:31:08.000+00:00
1066,5.0,1,0,maneuverStraightAllowedmaneuverLeftAllowed,V2X,2024-10-07T16:31:08.000+00:00
1066,6.0,1,0,maneuverStraightAllowed,V2X,2024-10-07T16:31:08.000+00:00
1066,7.0,1,3,maneuverStraightAllowedmaneuverRightAllowed,V2X,2024-10-07T16:31:08.000+00:00
1066,21.0,0,0,maneuverStraightAllowedmaneuverRightAllowedmaneuverLeftAllowed,V2X,2024-10-07T16:31:08.000+00:00
1066,22.0,1,0,maneuverStraightAllowedmaneuverRightAllowedmaneuverLeftAllowed,V2X,2024-10-07T16:31:08.000+00:00
1066,41.0,0,3,maneuverStraightAllowedmaneuverRightAllowed,V2X,2024-10-07T16:31:08.000+00:00
1066,42.0,0,0,maneuverStraightAllowed,V2X,2024-10-07T16:31:08.000+00:00
1066,43.0,0,0,maneuverStraightAllowed,V2X,2024-10-07T16:31:08.000+00:00
1066,44.0,0,0,maneuverLeftAllowed,V2X,2024-10-07T16:31:08.000+00:00
1066,45.0,1,0,maneuverStraightAllowedmaneuverLeftAllowed,V2X,2024-10-07T16:31:08.000+00:00
1066,46.0,1,0,maneuverStraightAllowed,V2X,2024-10-07T16:31:08.000+00:00
1066,47.0,1,3,maneuverStraightAllowedmaneuverRightAllowed,V2X,2024-10-07T16:31:08.000+00:00
1066,61.0,0,0,maneuverStraightAllowedmaneuverRightAllowedmaneuverLeftAllowed,V2X,2024-10-07T16:31:08.000+00:00
1066,62.0,1,0,maneuverStraightAllowedmaneuverRightAllowedmaneuverLeftAllowed,V2X,2024-10-07T16:31:08.000+00:00
1068,1.0,0,0,maneuverStraightAllowedmaneuverRightAllowed,V2X,2024-10-07T16:31:11.000+00:00
1068,2.0,0,0,maneuverStraightAllowed,V2X,2024-10-07T16:31:11.000+00:00
1068,3.0,0,0,maneuverStraightAllowed,V2X,2024-10-07T16:31:11.000+00:00
1068,4.0,0,0,maneuverStraightAllowedmaneuverLeftAllowed,V2X,2024-10-07T16:31:11.000+00:00
1068,5.0,1,0,maneuverStraightAllowedmaneuverLeftAllowed,V2X,2024-10-07T16:31:11.000+00:00
1068,6.0,1,0,maneuverStraightAllowed,V2X,2024-10-07T16:31:11.000+00:00
1068,7.0,1,0,maneuverStraightAllowed,V2X,2024-10-07T16:31:11.000+00:00
1068,8.0,1,0,maneuverStraightAllowedmaneuverRightAllowed,V2X,2024-10-07T16:31:11.000+00:00
1068,21.0,0,0,maneuverStraightAllowedmaneuverRightAllowed,V2X,2024-10-07T16:31:11.000+00:00
1068,22.0,0,0,maneuverLeftAllowed,V2X,2024-10-07T16:31:11.000+00:00
1068,23.0,1,0,maneuverStraightAllowedmaneuverRightAllowedmaneuverLeftAllowed,V2X,2024-10-07T16:31:11.000+00:00
1068,41.0,0,0,maneuverStraightAllowedmaneuverRightAllowed,V2X,2024-10-07T16:31:11.000+00:00
1068,42.0,0,0,maneuverStraightAllowed,V2X,2024-10-07T16:31:11.000+00:00
1068,43.0,0,0,maneuverStraightAllowed,V2X,2024-10-07T16:31:11.000+00:00
1068,44.0,0,0,maneuverStraightAllowed,V2X,2024-10-07T16:31:11.000+00:00
1068,45.0,1,0,maneuverStraightAllowedmaneuverLeftAllowed,V2X,2024-10-07T16:31:11.000+00:00
1068,46.0,1,0,maneuverStraightAllowed,V2X,2024-10-07T16:31:11.000+00:00
1068,47.0,1,0,maneuverStraightAllowedmaneuverRightAllowed,V2X,2024-10-07T16:31:11.000+00:00
1068,61.0,0,0,maneuverRightAllowed,V2X,2024-10-07T16:31:11.000+00:00
1068,62.0,0,0,maneuverStraightAllowed,V2X,2024-10-07T16:31:11.000+00:00
1068,63.0,0,0,maneuverLeftAllowed,V2X,2024-10-07T16:31:11.000+00:00
1068,64.0,1,0, ,V2X,2024-10-07T16:31:11.000+00:00
1068,65.0,1,0,maneuverStraightAllowedmaneuverRightAllowed,V2X,2024-10-07T16:31:11.000+00:00
1069,1.0,0,0,maneuverRightAllowed,V2X,2024-10-07T16:31:07.000+00:00
1069,2.0,0,0,maneuverLeftAllowed,V2X,2024-10-07T16:31:07.000+00:00
1069,3.0,1,0,maneuverLeftAllowed,V2X,2024-10-07T16:31:07.000+00:00
1069,4.0,1,0,maneuverRightAllowed,V2X,2024-10-07T16:31:07.000+00:00
1069,21.0,0,0,maneuverStraightAllowed,V2X,2024-10-07T16:31:07.000+00:00
1069,22.0,0,0,maneuverStraightAllowed,V2X,2024-10-07T16:31:07.000+00:00
1069,23.0,0,0,maneuverLeftAllowed,V2X,2024-10-07T16:31:07.000+00:00
1069,24.0,0,3,maneuverStraightAllowed,V2X,2024-10-07T16:31:07.000+00:00
1069,25.0,1,3,maneuverStraightAllowed,V2X,2024-10-07T16:31:07.000+00:00
1069,26.0,1,0,maneuverStraightAllowed,V2X,2024-10-07T16:31:07.000+00:00
1069,27.0,1,0,maneuverStraightAllowed,V2X,2024-10-07T16:31:07.000+00:00
1069,41.0,1,0,maneuverStraightAllowed,V2X,2024-10-07T16:31:07.000+00:00
1069,61.0,0,0,maneuverStraightAllowed,V2X,2024-10-07T16:31:07.000+00:00
1069,62.0,0,0,maneuverStraightAllowed,V2X,2024-10-07T16:31:07.000+00:00
1069,63.0,0,0,maneuverLeftAllowed,V2X,2024-10-07T16:31:07.000+00:00
1069,64.0,0,3,maneuverStraightAllowed,V2X,2024-10-07T16:31:07.000+00:00
1069,65.0,1,3,maneuverStraightAllowed,V2X,2024-10-07T16:31:07.000+00:00
1069,66.0,1,0,maneuverStraightAllowed,V2X,2024-10-07T16:31:07.000+00:00
1069,67.0,1,0,maneuverStraightAllowed,V2X,2024-10-07T16:31:07.000+00:00
107,1.0,0,0,maneuverStraightAllowedmaneuverRightAllowed,V2X,2024-10-07T16:31:10.000+00:00
107,2.0,0,0,maneuverStraightAllowed,V2X,2024-10-07T16:31:10.000+00:00
107,3.0,0,0,maneuverStraightAllowed,V2X,2024-10-07T16:31:10.000+00:00
107,4.0,0,0,maneuverLeftAllowed,V2X,2024-10-07T16:31:10.000+00:00
107,5.0,1,0,maneuverStraightAllowedmaneuverLeftAllowed,V2X,2024-10-07T16:31:10.000+00:00
107,6.0,1,0,maneuverStraightAllowed,V2X,2024-10-07T16:31:10.000+00:00
107,7.0,1,0,maneuverStraightAllowed,V2X,2024-10-07T16:31:10.000+00:00
107,8.0,1,0,maneuverRightAllowed,V2X,2024-10-07T16:31:10.000+00:00
107,21.0,0,0,maneuverRightAllowed,V2X,2024-10-07T16:31:10.000+00:00
107,22.0,0,0,maneuverStraightAllowedmaneuverLeftAllowed,V2X,2024-10-07T16:31:10.000+00:00
107,23.0,1,0,maneuverStraightAllowedmaneuverRightAllowedmaneuverLeftAllowed,V2X,2024-10-07T16:31:10.000+00:00
107,41.0,0,0,maneuverRightAllowed,V2X,2024-10-07T16:31:10.000+00:00
107,42.0,0,0,maneuverStraightAllowed,V2X,2024-10-07T16:31:10.000+00:00
107,43.0,0,0,maneuverStraightAllowed,V2X,2024-10-07T16:31:10.000+00:00
107,44.0,0,0,maneuverStraightAllowed,V2X,2024-10-07T16:31:10.000+00:00
107,45.0,0,0,maneuverLeftAllowed,V2X,2024-10-07T16:31:10.000+00:00
107,46.0,1,0,maneuverStraightAllowedmaneuverLeftAllowed,V2X,2024-10-07T16:31:10.000+00:00
107,47.0,1,0,maneuverStraightAllowed,V2X,2024-10-07T16:31:10.000+00:00
107,48.0,1,0,maneuverStraightAllowedmaneuverRightAllowed,V2X,2024-10-07T16:31:10.000+00:00
107,61.0,0,0,maneuverStraightAllowedmaneuverRightAllowedmaneuverLeftAllowed,V2X,2024-10-07T16:31:10.000+00:00
107,62.0,1,0,maneuverStraightAllowedmaneuverLeftAllowedmaneuverRightAllowed,V2X,2024-10-07T16:31:10.000+00:00
1070,1.0,0,0,maneuverStraightAllowedmaneuverRightAllowed,V2X,2024-10-07T16:31:11.000+00:00
1070,2.0,0,0,maneuverLeftAllowed,V2X,2024-10-07T16:31:11.000+00:00
1070,3.0,1,0,maneuverStraightAllowedmaneuverRightAllowedmaneuverLeftAllowed,V2X,2024-10-07T16:31:11.000+00:00
1070,21.0,0,0,maneuverStraightAllowedmaneuverRightAllowed,V2X,2024-10-07T16:31:11.000+00:00
1070,22.0,0,0,maneuverStraightAllowed,V2X,2024-10-07T16:31:11.000+00:00
1070,23.0,0,0,maneuverLeftAllowed,V2X,2024-10-07T16:31:11.000+00:00
1070,24.0,1,0,maneuverLeftAllowed,V2X,2024-10-07T16:31:11.000+00:00
1070,25.0,1,0,maneuverStraightAllowed,V2X,2024-10-07T16:31:11.000+00:00
1070,26.0,1,0,maneuverStraightAllowedmaneuverRightAllowed,V2X,2024-10-07T16:31:11.000+00:00
1070,41.0,1,0,maneuverStraightAllowedmaneuverRightAllowedmaneuverLeftAllowed,V2X,2024-10-07T16:31:11.000+00:00
1070,61.0,0,0,maneuverRightAllowed,V2X,2024-10-07T16:31:11.000+00:00
1070,62.0,0,0,maneuverStraightAllowedmaneuverLeftAllowed,V2X,2024-10-07T16:31:11.000+00:00
1070,63.0,1,0,maneuverStraightAllowedmaneuverRightAllowedmaneuverLeftAllowed,V2X,2024-10-07T16:31:11.000+00:00
1070,81.0,0,0,maneuverStraightAllowedmaneuverRightAllowed,V2X,2024-10-07T16:31:11.000+00:00
1070,82.0,0,0,maneuverStraightAllowed,V2X,2024-10-07T16:31:11.000+00:00
1070,83.0,0,0,maneuverLeftAllowed,V2X,2024-10-07T16:31:11.000+00:00
1070,84.0,1,0,maneuverLeftAllowed,V2X,2024-10-07T16:31:11.000+00:00
1070,85.0,1,0,maneuverStraightAllowed,V2X,2024-10-07T16:31:11.000+00:00
1070,86.0,1,0,maneuverStraightAllowedmaneuverRightAllowed,V2X,2024-10-07T16:31:11.000+00:00
1071,1.0,0,0,maneuverStraightAllowedmaneuverRightAllowedmaneuverLeftAllowed,V2X,2024-10-07T16:31:09.000+00:00
1071,2.0,1,0,maneuverStraightAllowedmaneuverRightAllowedmaneuverLeftAllowed,V2X,2024-10-07T16:31:09.000+00:00
1071,21.0,0,0,maneuverStraightAllowedmaneuverRightAllowed,V2X,2024-10-07T16:31:09.000+00:00
1071,22.0,0,0,maneuverStraightAllowed,V2X,2024-10-07T16:31:09.000+00:00
1071,23.0,0,0,maneuverLeftAllowed,V2X,2024-10-07T16:31:09.000+00:00
1071,24.0,1,0,maneuverStraightAllowedmaneuverLeftAllowed,V2X,2024-10-07T16:31:09.000+00:00
1071,25.0,1,0,maneuverStraightAllowedmaneuverRightAllowed,V2X,2024-10-07T16:31:09.000+00:00
1071,41.0,0,0,maneuverRightAllowed,V2X,2024-10-07T16:31:09.000+00:00
1071,42.0,0,0,maneuverStraightAllowed,V2X,2024-10-07T16:31:09.000+00:00
1071,43.0,0,0,maneuverLeftAllowed,V2X,2024-10-07T16:31:09.000+00:00
1071,44.0,1,0,maneuverStraightAllowedmaneuverLeftAllowed,V2X,2024-10-07T16:31:09.000+00:00
1071,45.0,1,0,maneuverRightAllowed,V2X,2024-10-07T16:31:09.000+00:00
1071,61.0,0,0,maneuverRightAllowed,V2X,2024-10-07T16:31:09.000+00:00
1071,62.0,0,0,maneuverStraightAllowed,V2X,2024-10-07T16:31:09.000+00:00
1071,63.0,0,0,maneuverStraightAllowed,V2X,2024-10-07T16:31:09.000+00:00
1071,64.0,0,0,maneuverLeftAllowed,V2X,2024-10-07T16:31:09.000+00:00
1071,65.0,1,0,maneuverLeftAllowed,V2X,2024-10-07T16:31:09.000+00:00
1071,66.0,1,0,maneuverStraightAllowed,V2X,2024-10-07T16:31:09.000+00:00
1071,67.0,1,0,maneuverStraightAllowedmaneuverRightAllowed,V2X,2024-10-07T16:31:09.000+00:00
1073,1.0,0,3,maneuverStraightAllowedmaneuverRightAllowed,V2X,2024-10-07T16:31:08.000+00:00
1073,2.0,0,0,maneuverStraightAllowed,V2X,2024-10-07T16:31:08.000+00:00
1073,3.0,0,0,maneuverStraightAllowed,V2X,2024-10-07T16:31:08.000+00:00
1073,4.0,0,0,maneuverLeftAllowed,V2X,2024-10-07T16:31:08.000+00:00
1073,5.0,1,0,maneuverStraightAllowedmaneuverLeftAllowed,V2X,2024-10-07T16:31:08.000+00:00
1073,6.0,1,0,maneuverStraightAllowed,V2X,2024-10-07T16:31:08.000+00:00
1073,7.0,1,3,maneuverStraightAllowedmaneuverRightAllowed,V2X,2024-10-07T16:31:08.000+00:00
1073,21.0,0,0,maneuverStraightAllowedmaneuverRightAllowed,V2X,2024-10-07T16:31:08.000+00:00
1073,22.0,0,0,maneuverStraightAllowed,V2X,2024-10-07T16:31:08.000+00:00
1073,23.0,0,0,maneuverLeftAllowed,V2X,2024-10-07T16:31:08.000+00:00
1073,24.0,1,0,maneuverLeftAllowed,V2X,2024-10-07T16:31:08.000+00:00
1073,25.0,1,0,maneuverStraightAllowed,V2X,2024-10-07T16:31:08.000+00:00
1073,26.0,1,0,maneuverStraightAllowedmaneuverRightAllowed,V2X,2024-10-07T16:31:08.000+00:00
1073,41.0,0,0,maneuverRightAllowed,V2X,2024-10-07T16:31:08.000+00:00
1073,42.0,0,3,maneuverStraightAllowed,V2X,2024-10-07T16:31:08.000+00:00
1073,43.0,0,0,maneuverStraightAllowed,V2X,2024-10-07T16:31:08.000+00:00
1073,44.0,0,0,maneuverStraightAllowed,V2X,2024-10-07T16:31:08.000+00:00
1073,45.0,0,0,maneuverLeftAllowed,V2X,2024-10-07T16:31:08.000+00:00
1073,46.0,1,0,maneuverStraightAllowedmaneuverLeftAllowed,V2X,2024-10-07T16:31:08.000+00:00
1073,47.0,1,0,maneuverStraightAllowed,V2X,2024-10-07T16:31:08.000+00:00
1073,48.0,1,3,maneuverStraightAllowedmaneuverRightAllowed,V2X,2024-10-07T16:31:08.000+00:00
1073,61.0,0,0,maneuverStraightAllowedmaneuverRightAllowed,V2X,2024-10-07T16:31:08.000+00:00
1073,62.0,0,0,maneuverLeftAllowed,V2X,2024-10-07T16:31:08.000+00:00
1073,63.0,1,0,maneuverLeftAllowed,V2X,2024-10-07T16:31:08.000+00:00
1073,64.0,1,0,maneuverStraightAllowed,V2X,2024-10-07T16:31:08.000+00:00
1073,65.0,1,0,maneuverStraightAllowedmaneuverRightAllowed,V2X,2024-10-07T16:31:08.000+00:00
1074,1.0,0,0,maneuverLeftAllowedmaneuverRightAllowedmaneuverStraightAllowed,V2X,2024-10-07T16:31:11.000+00:00
1074,2.0,1,0,maneuverRightAllowedmaneuverLeftAllowed,V2X,2024-10-07T16:31:11.000+00:00
1074,21.0,0,0,maneuverStraightAllowedmaneuverRightAllowed,V2X,2024-10-07T16:31:11.000+00:00
1074,22.0,0,0,maneuverStraightAllowed,V2X,2024-10-07T16:31:11.000+00:00
1074,23.0,0,0,maneuverStraightAllowed,V2X,2024-10-07T16:31:11.000+00:00
1074,24.0,0,0, ,V2X,2024-10-07T16:31:11.000+00:00
1074,25.0,1,0,maneuverStraightAllowedmaneuverLeftAllowed,V2X,2024-10-07T16:31:11.000+00:00
1074,26.0,1,0,maneuverStraightAllowedmaneuverRightAllowed,V2X,2024-10-07T16:31:11.000+00:00
1074,41.0,0,0,maneuverRightAllowed,V2X,2024-10-07T16:31:11.000+00:00
1074,42.0,1,0,maneuverRightAllowedmaneuverStraightAllowed,V2X,2024-10-07T16:31:11.000+00:00
1074,61.0,0,0,maneuverRightAllowed,V2X,2024-10-07T16:31:11.000+00:00
1074,62.0,0,0,maneuverStraightAllowed,V2X,2024-10-07T16:31:11.000+00:00
1074,63.0,0,0,maneuverStraightAllowed,V2X,2024-10-07T16:31:11.000+00:00
1074,64.0,0,0,maneuverLeftAllowed,V2X,2024-10-07T16:31:11.000+00:00
1074,65.0,1,0,maneuverStraightAllowed,V2X,2024-10-07T16:31:11.000+00:00
1074,66.0,1,0,maneuverStraightAllowed,V2X,2024-10-07T16:31:11.000+00:00
1074,67.0,1,0,maneuverStraightAllowedmaneuverRightAllowed,V2X,2024-10-07T16:31:11.000+00:00
1075,1.0,0,3,maneuverStraightAllowedmaneuverRightAllowed,V2X,2024-10-07T16:31:08.000+00:00
1075,2.0,0,0,maneuverStraightAllowed,V2X,2024-10-07T16:31:08.000+00:00
1075,3.0,0,0,maneuverStraightAllowed,V2X,2024-10-07T16:31:08.000+00:00
1075,4.0,0,0,maneuverLeftAllowed,V2X,2024-10-07T16:31:08.000+00:00
1075,5.0,1,0,maneuverStraightAllowedmaneuverLeftAllowed,V2X,2024-10-07T16:31:08.000+00:00
1075,6.0,1,0,maneuverStraightAllowed,V2X,2024-10-07T16:31:08.000+00:00
1075,7.0,1,3,maneuverStraightAllowedmaneuverRightAllowed,V2X,2024-10-07T16:31:08.000+00:00
1075,21.0,0,0,maneuverStraightAllowedmaneuverRightAllowedmaneuverLeftAllowed,V2X,2024-10-07T16:31:08.000+00:00
1075,22.0,1,0,maneuverStraightAllowedmaneuverRightAllowedmaneuverLeftAllowed,V2X,2024-10-07T16:31:08.000+00:00
1075,41.0,0,3,maneuverStraightAllowedmaneuverRightAllowed,V2X,2024-10-07T16:31:08.000+00:00
1075,42.0,0,0,maneuverStraightAllowed,V2X,2024-10-07T16:31:08.000+00:00
1075,43.0,0,0,maneuverStraightAllowedmaneuverLeftAllowed,V2X,2024-10-07T16:31:08.000+00:00
1075,44.0,1,0,maneuverStraightAllowedmaneuverLeftAllowed,V2X,2024-10-07T16:31:08.000+00:00
1075,45.0,1,0,maneuverStraightAllowed,V2X,2024-10-07T16:31:08.000+00:00
1075,46.0,1,3,maneuverStraightAllowedmaneuverRightAllowed,V2X,2024-10-07T16:31:08.000+00:00
1075,61.0,0,0,maneuverStraightAllowedmaneuverRightAllowedmaneuverLeftAllowed,V2X,2024-10-07T16:31:08.000+00:00
1075,62.0,1,0,maneuverStraightAllowedmaneuverRightAllowedmaneuverLeftAllowed,V2X,2024-10-07T16:31:08.000+00:00
1077,1.0,0,0,maneuverRightAllowed,V2X,2024-10-07T16:31:11.000+00:00
1077,2.0,0,3,maneuverStraightAllowed,V2X,2024-10-07T16:31:11.000+00:00
1077,3.0,0,0,maneuverStraightAllowed,V2X,2024-10-07T16:31:11.000+00:00
1077,4.0,0,0,maneuverStraightAllowed,V2X,2024-10-07T16:31:11.000+00:00
1077,5.0,0,0,maneuverLeftAllowed,V2X,2024-10-07T16:31:11.000+00:00
1077,6.0,1,0,maneuverStraightAllowedmaneuverLeftAllowed,V2X,2024-10-07T16:31:11.000+00:00
1077,7.0,1,0,maneuverStraightAllowed,V2X,2024-10-07T16:31:11.000+00:00
1077,8.0,1,3,maneuverStraightAllowed,V2X,2024-10-07T16:31:11.000+00:00
1077,9.0,1,0,maneuverRightAllowed,V2X,2024-10-07T16:31:11.000+00:00
1077,21.0,0,0,maneuverRightAllowed,V2X,2024-10-07T16:31:11.000+00:00
1077,22.0,0,0,maneuverStraightAllowed,V2X,2024-10-07T16:31:11.000+00:00
1077,23.0,0,0,maneuverStraightAllowed,V2X,2024-10-07T16:31:11.000+00:00
1077,24.0,0,0,maneuverLeftAllowed,V2X,2024-10-07T16:31:11.000+00:00
1077,25.0,1,0,maneuverStraightAllowedmaneuverLeftAllowed,V2X,2024-10-07T16:31:11.000+00:00
1077,26.0,1,0,maneuverStraightAllowed,V2X,2024-10-07T16:31:11.000+00:00
1077,27.0,1,0,maneuverStraightAllowed,V2X,2024-10-07T16:31:11.000+00:00
1077,28.0,1,0,maneuverRightAllowed,V2X,2024-10-07T16:31:11.000+00:00
1077,41.0,0,0,maneuverRightAllowed,V2X,2024-10-07T16:31:11.000+00:00
1077,42.0,0,3,maneuverStraightAllowed,V2X,2024-10-07T16:31:11.000+00:00
1077,43.0,0,0,maneuverStraightAllowed,V2X,2024-10-07T16:31:11.000+00:00
1077,44.0,0,0,maneuverStraightAllowed,V2X,2024-10-07T16:31:11.000+00:00
1077,45.0,0,0,maneuverLeftAllowed,V2X,2024-10-07T16:31:11.000+00:00
1077,46.0,1,0,maneuverStraightAllowedmaneuverLeftAllowed,V2X,2024-10-07T16:31:11.000+00:00
1077,47.0,1,0,maneuverStraightAllowed,V2X,2024-10-07T16:31:11.000+00:00
1077,48.0,1,3,maneuverStraightAllowed,V2X,2024-10-07T16:31:11.000+00:00
1077,49.0,1,0,maneuverRightAllowed,V2X,2024-10-07T16:31:11.000+00:00
1077,61.0,0,0,maneuverStraightAllowedmaneuverRightAllowed,V2X,2024-10-07T16:31:11.000+00:00
1077,62.0,0,0,maneuverStraightAllowed,V2X,2024-10-07T16:31:11.000+00:00
1077,63.0,0,0,maneuverStraightAllowed,V2X,2024-10-07T16:31:11.000+00:00
1077,64.0,0,0,maneuverLeftAllowed,V2X,2024-10-07T16:31:11.000+00:00
1077,65.0,1,0,maneuverLeftAllowed,V2X,2024-10-07T16:31:11.000+00:00
1077,66.0,1,0,maneuverStraightAllowed,V2X,2024-10-07T16:31:11.000+00:00
1077,67.0,1,0,maneuverStraightAllowed,V2X,2024-10-07T16:31:11.000+00:00
1077,68.0,1,0,maneuverRightAllowed,V2X,2024-10-07T16:31:11.000+00:00
108,1.0,0,0,maneuverStraightAllowed,V2X,2024-10-07T16:31:10.000+00:00
108,2.0,0,0,maneuverStraightAllowed,V2X,2024-10-07T16:31:10.000+00:00
108,3.0,0,0,maneuverStraightAllowed,V2X,2024-10-07T16:31:10.000+00:00
108,4.0,1,0,maneuverStraightAllowed,V2X,2024-10-07T16:31:10.000+00:00
108,5.0,1,0,maneuverStraightAllowed,V2X,2024-10-07T16:31:10.000+00:00
108,6.0,1,0,maneuverStraightAllowed,V2X,2024-10-07T16:31:10.000+00:00
108,7.0,1,0,maneuverStraightAllowed,V2X,2024-10-07T16:31:10.000+00:00
108,21.0,0,0,maneuverStraightAllowed,V2X,2024-10-07T16:31:10.000+00:00
108,22.0,0,0,maneuverStraightAllowed,V2X,2024-10-07T16:31:10.000+00:00
108,23.0,0,0,maneuverStraightAllowed,V2X,2024-10-07T16:31:10.000+00:00
108,24.0,0,0,maneuverStraightAllowed,V2X,2024-10-07T16:31:10.000+00:00
108,25.0,1,0,maneuverStraightAllowed,V2X,2024-10-07T16:31:10.000+00:00
108,26.0,1,0,maneuverStraightAllowed,V2X,2024-10-07T16:31:10.000+00:00
108,27.0,1,0,maneuverStraightAllowed,V2X,2024-10-07T16:31:10.000+00:00
1082,1.0,0,0,maneuverRightAllowed,V2X,2024-10-07T16:31:11.000+00:00
1082,2.0,1,0,maneuverRightAllowed,V2X,2024-10-07T16:31:11.000+00:00
1082,21.0,0,0,maneuverStraightAllowedmaneuverRightAllowed,V2X,2024-10-07T16:31:11.000+00:00
1082,22.0,0,0,maneuverStraightAllowed,V2X,2024-10-07T16:31:11.000+00:00
1082,23.0,0,0,maneuverLeftAllowed,V2X,2024-10-07T16:31:11.000+00:00
1082,24.0,1,0, ,V2X,2024-10-07T16:31:11.000+00:00
1082,25.0,1,0,maneuverStraightAllowed,V2X,2024-10-07T16:31:11.000+00:00
1082,26.0,1,0,maneuverStraightAllowedmaneuverRightAllowed,V2X,2024-10-07T16:31:11.000+00:00
1082,41.0,0,0,maneuverRightAllowed,V2X,2024-10-07T16:31:11.000+00:00
1082,42.0,1,0,maneuverRightAllowedmaneuverLeftAllowed,V2X,2024-10-07T16:31:11.000+00:00
1082,61.0,0,0,maneuverStraightAllowedmaneuverRightAllowed,V2X,2024-10-07T16:31:11.000+00:00
1082,62.0,0,0,maneuverStraightAllowed,V2X,2024-10-07T16:31:11.000+00:00
1082,63.0,0,0, ,V2X,2024-10-07T16:31:11.000+00:00
1082,64.0,1,0, ,V2X,2024-10-07T16:31:11.000+00:00
1082,65.0,1,0,maneuverStraightAllowed,V2X,2024-10-07T16:31:11.000+00:00
1082,66.0,1,0,maneuverStraightAllowedmaneuverRightAllowed,V2X,2024-10-07T16:31:11.000+00:00
1086,1.0,0,0,maneuverStraightAllowed,V2X,2024-10-07T16:31:06.000+00:00
1086,2.0,0,0,maneuverStraightAllowed,V2X,2024-10-07T16:31:06.000+00:00
1086,3.0,0,0,maneuverStraightAllowed,V2X,2024-10-07T16:31:06.000+00:00
1086,4.0,1,0,maneuverStraightAllowed,V2X,2024-10-07T16:31:06.000+00:00
1086,5.0,1,0,maneuverStraightAllowed,V2X,2024-10-07T16:31:06.000+00:00
1086,6.0,1,0,maneuverStraightAllowed,V2X,2024-10-07T16:31:06.000+00:00
1086,21.0,0,0,maneuverStraightAllowed,V2X,2024-10-07T16:31:06.000+00:00
1086,22.0,0,0,maneuverStraightAllowed,V2X,2024-10-07T16:31:06.000+00:00
1086,23.0,0,0,maneuverStraightAllowed,V2X,2024-10-07T16:31:06.000+00:00
1086,24.0,1,0,maneuverStraightAllowed,V2X,2024-10-07T16:31:06.000+00:00
1086,25.0,1,0,maneuverStraightAllowed,V2X,2024-10-07T16:31:06.000+00:00
1086,26.0,1,0,maneuverStraightAllowed,V2X,2024-10-07T16:31:06.000+00:00
1088,1.0,0,0,maneuverStraightAllowedmaneuverRightAllowed,V2X,2024-10-07T16:31:08.000+00:00
1088,2.0,0,0,maneuverStraightAllowed,V2X,2024-10-07T16:31:08.000+00:00
1088,3.0,0,0,maneuverStraightAllowed,V2X,2024-10-07T16:31:08.000+00:00
1088,4.0,0,0,maneuverStraightAllowed,V2X,2024-10-07T16:31:08.000+00:00
1088,5.0,0,0,maneuverLeftAllowed,V2X,2024-10-07T16:31:08.000+00:00
1088,6.0,1,0,maneuverStraightAllowed,V2X,2024-10-07T16:31:08.000+00:00
1088,7.0,1,0,maneuverStraightAllowed,V2X,2024-10-07T16:31:08.000+00:00
1088,8.0,1,0,maneuverStraightAllowed,V2X,2024-10-07T16:31:08.000+00:00
1088,9.0,1,0,maneuverStraightAllowedmaneuverRightAllowed,V2X,2024-10-07T16:31:08.000+00:00
1088,21.0,0,0,maneuverRightAllowed,V2X,2024-10-07T16:31:08.000+00:00
1088,22.0,0,0,maneuverStraightAllowed,V2X,2024-10-07T16:31:08.000+00:00
1088,23.0,0,0,maneuverStraightAllowed,V2X,2024-10-07T16:31:08.000+00:00
1088,24.0,0,0,maneuverStraightAllowed,V2X,2024-10-07T16:31:08.000+00:00
1088,25.0,1,0,maneuverStraightAllowedmaneuverLeftAllowed,V2X,2024-10-07T16:31:08.000+00:00
1088,26.0,1,0,maneuverStraightAllowed,V2X,2024-10-07T16:31:08.000+00:00
1088,27.0,1,0,maneuverStraightAllowedmaneuverRightAllowed,V2X,2024-10-07T16:31:08.000+00:00
1088,41.0,0,0,maneuverRightAllowed,V2X,2024-10-07T16:31:08.000+00:00
1088,42.0,0,0,maneuverStraightAllowed,V2X,2024-10-07T16:31:08.000+00:00
1088,43.0,0,0,maneuverStraightAllowed,V2X,2024-10-07T16:31:08.000+00:00
1088,44.0,0,0,maneuverStraightAllowed,V2X,2024-10-07T16:31:08.000+00:00
1088,45.0,0,0,maneuverStraightAllowed,V2X,2024-10-07T16:31:08.000+00:00
1088,46.0,0,0,maneuverLeftAllowed,V2X,2024-10-07T16:31:08.000+00:00
1088,47.0,1,0,maneuverStraightAllowed,V2X,2024-10-07T16:31:08.000+00:00
1088,48.0,1,0,maneuverStraightAllowed,V2X,2024-10-07T16:31:08.000+00:00
1088,49.0,1,0,maneuverStraightAllowed,V2X,2024-10-07T16:31:08.000+00:00
1088,50.0,1,0,maneuverStraightAllowed,V2X,2024-10-07T16:31:08.000+00:00
1088,51.0,1,0,maneuverRightAllowed,V2X,2024-10-07T16:31:08.000+00:00
1088,61.0,0,0,maneuverStraightAllowedmaneuverRightAllowed,V2X,2024-10-07T16:31:08.000+00:00
1088,62.0,0,0,maneuverStraightAllowed,V2X,2024-10-07T16:31:08.000+00:00
1088,63.0,0,0,maneuverStraightAllowed,V2X,2024-10-07T16:31:08.000+00:00
1088,64.0,1,0,maneuverStraightAllowedmaneuverLeftAllowed,V2X,2024-10-07T16:31:08.000+00:00
1088,65.0,1,0,maneuverStraightAllowed,V2X,2024-10-07T16:31:08.000+00:00
1088,66.0,1,0,maneuverStraightAllowedmaneuverRightAllowed,V2X,2024-10-07T16:31:08.000+00:00
1089,1.0,0,0,maneuverStraightAllowedmaneuverRightAllowed,V2X,2024-10-07T16:31:11.000+00:00
1089,2.0,0,0,maneuverStraightAllowed,V2X,2024-10-07T16:31:11.000+00:00
1089,3.0,0,0,maneuverStraightAllowed,V2X,2024-10-07T16:31:11.000+00:00
1089,4.0,0,0,maneuverLeftAllowed,V2X,2024-10-07T16:31:11.000+00:00
1089,5.0,1,0,maneuverStraightAllowedmaneuverLeftAllowed,V2X,2024-10-07T16:31:11.000+00:00
1089,6.0,1,0,maneuverStraightAllowed,V2X,2024-10-07T16:31:11.000+00:00
1089,7.0,1,0,maneuverStraightAllowedmaneuverRightAllowed,V2X,2024-10-07T16:31:11.000+00:00
1089,21.0,0,0,maneuverStraightAllowedmaneuverRightAllowed,V2X,2024-10-07T16:31:11.000+00:00
1089,22.0,0,0,maneuverStraightAllowed,V2X,2024-10-07T16:31:11.000+00:00
1089,23.0,0,0,maneuverStraightAllowed,V2X,2024-10-07T16:31:11.000+00:00
1089,24.0,0,0,maneuverLeftAllowed,V2X,2024-10-07T16:31:11.000+00:00
1089,25.0,1,0,maneuverStraightAllowedmaneuverLeftAllowed,V2X,2024-10-07T16:31:11.000+00:00
1089,26.0,1,0,maneuverStraightAllowed,V2X,2024-10-07T16:31:11.000+00:00
1089,27.0,1,0,maneuverStraightAllowedmaneuverRightAllowed,V2X,2024-10-07T16:31:11.000+00:00
1089,41.0,0,0,maneuverStraightAllowedmaneuverRightAllowed,V2X,2024-10-07T16:31:11.000+00:00
1089,42.0,0,0,maneuverStraightAllowed,V2X,2024-10-07T16:31:11.000+00:00
1089,43.0,0,0,maneuverStraightAllowed,V2X,2024-10-07T16:31:11.000+00:00
1089,44.0,0,0,maneuverLeftAllowed,V2X,2024-10-07T16:31:11.000+00:00
1089,45.0,1,0,maneuverStraightAllowedmaneuverLeftAllowed,V2X,2024-10-07T16:31:11.000+00:00
1089,46.0,1,0,maneuverStraightAllowed,V2X,2024-10-07T16:31:11.000+00:00
1089,47.0,1,0,maneuverStraightAllowedmaneuverRightAllowed,V2X,2024-10-07T16:31:11.000+00:00
1089,61.0,0,0,maneuverStraightAllowedmaneuverRightAllowed,V2X,2024-10-07T16:31:11.000+00:00
1089,62.0,0,0,maneuverStraightAllowed,V2X,2024-10-07T16:31:11.000+00:00
1089,63.0,0,0,maneuverStraightAllowed,V2X,2024-10-07T16:31:11.000+00:00
1089,64.0,0,0,maneuverLeftAllowed,V2X,2024-10-07T16:31:11.000+00:00
1089,65.0,1,0,maneuverStraightAllowedmaneuverLeftAllowed,V2X,2024-10-07T16:31:11.000+00:00
1089,66.0,1,0,maneuverStraightAllowed,V2X,2024-10-07T16:31:11.000+00:00
1089,67.0,1,0,maneuverStraightAllowedmaneuverRightAllowed,V2X,2024-10-07T16:31:11.000+00:00
109,1.0,0,,"maneuverStraightAllowed, maneuverLeftAllowed, maneuverRightAllowed",V2X,2024-10-07T16:31:07.000+00:00
109,21.0,0,,"maneuverStraightAllowed, maneuverRightAllowed",V2X,2024-10-07T16:31:07.000+00:00
109,22.0,0,,"maneuverStraightAllowed, maneuverLeftAllowed",V2X,2024-10-07T16:31:07.000+00:00
109,23.0,1,,"maneuverStraightAllowed, maneuverLeftAllowed",V2X,2024-10-07T16:31:07.000+00:00
109,24.0,1,,"maneuverStraightAllowed, maneuverRightAllowed",V2X,2024-10-07T16:31:07.000+00:00
109,41.0,0,,"maneuverStraightAllowed, maneuverLeftAllowed, maneuverRightAllowed",V2X,2024-10-07T16:31:07.000+00:00
109,42.0,1,,"maneuverStraightAllowed, maneuverLeftAllowed, maneuverRightAllowed",V2X,2024-10-07T16:31:07.000+00:00
109,61.0,0,,"maneuverStraightAllowed, maneuverRightAllowed",V2X,2024-10-07T16:31:07.000+00:00
109,62.0,0,,"maneuverStraightAllowed, maneuverLeftAllowed",V2X,2024-10-07T16:31:07.000+00:00
109,63.0,1,,"maneuverStraightAllowed, maneuverLeftAllowed",V2X,2024-10-07T16:31:07.000+00:00
109,64.0,1,,"maneuverStraightAllowed, maneuverRightAllowed",V2X,2024-10-07T16:31:07.000+00:00
1091,1.0,0,0,maneuverRightAllowed,V2X,2024-10-07T16:31:09.000+00:00
1091,2.0,0,0,maneuverStraightAllowed,V2X,2024-10-07T16:31:09.000+00:00
1091,3.0,0,0,maneuverStraightAllowed,V2X,2024-10-07T16:31:09.000+00:00
1091,4.0,0,0,maneuverStraightAllowed,V2X,2024-10-07T16:31:09.000+00:00
1091,5.0,1,0,maneuverStraightAllowedmaneuverLeftAllowed,V2X,2024-10-07T16:31:09.000+00:00
1091,6.0,1,0,maneuverStraightAllowed,V2X,2024-10-07T16:31:09.000+00:00
1091,7.0,1,0,maneuverStraightAllowedmaneuverRightAllowed,V2X,2024-10-07T16:31:09.000+00:00
1091,21.0,0,0,maneuverStraightAllowedmaneuverRightAllowedmaneuverLeftAllowed,V2X,2024-10-07T16:31:09.000+00:00
1091,22.0,1,0,maneuverStraightAllowedmaneuverRightAllowed,V2X,2024-10-07T16:31:09.000+00:00
1091,41.0,0,0,maneuverStraightAllowedmaneuverRightAllowed,V2X,2024-10-07T16:31:09.000+00:00
1091,42.0,0,0,maneuverStraightAllowed,V2X,2024-10-07T16:31:09.000+00:00
1091,43.0,0,0,maneuverStraightAllowed,V2X,2024-10-07T16:31:09.000+00:00
1091,44.0,1,0,maneuverStraightAllowedmaneuverLeftAllowed,V2X,2024-10-07T16:31:09.000+00:00
1091,45.0,1,0,maneuverStraightAllowed,V2X,2024-10-07T16:31:09.000+00:00
1091,46.0,1,0,maneuverStraightAllowedmaneuverRightAllowed,V2X,2024-10-07T16:31:09.000+00:00
1091,61.0,0,0,maneuverStraightAllowedmaneuverRightAllowedmaneuverLeftAllowed,V2X,2024-10-07T16:31:09.000+00:00
1091,62.0,1,0,maneuverStraightAllowedmaneuverRightAllowed,V2X,2024-10-07T16:31:09.000+00:00
1092,1.0,0,0,maneuverStraightAllowed,V2X,2024-10-07T16:31:09.000+00:00
1092,2.0,0,0,maneuverStraightAllowed,V2X,2024-10-07T16:31:09.000+00:00
1092,3.0,0,0,maneuverStraightAllowed,V2X,2024-10-07T16:31:09.000+00:00
1092,4.0,1,0,maneuverStraightAllowed,V2X,2024-10-07T16:31:09.000+00:00
1092,5.0,1,0,maneuverStraightAllowed,V2X,2024-10-07T16:31:09.000+00:00
1092,6.0,1,0,maneuverStraightAllowed,V2X,2024-10-07T16:31:09.000+00:00
1092,21.0,0,0, ,V2X,2024-10-07T16:31:09.000+00:00
1092,22.0,0,0,maneuverStraightAllowed,V2X,2024-10-07T16:31:09.000+00:00
1092,23.0,0,0,maneuverStraightAllowed,V2X,2024-10-07T16:31:09.000+00:00
1092,24.0,0,0,maneuverStraightAllowed,V2X,2024-10-07T16:31:09.000+00:00
1092,25.0,1,0,maneuverStraightAllowed,V2X,2024-10-07T16:31:09.000+00:00
1092,26.0,1,0,maneuverStraightAllowed,V2X,2024-10-07T16:31:09.000+00:00
1092,27.0,1,0,maneuverStraightAllowed,V2X,2024-10-07T16:31:09.000+00:00
1102,1.0,0,0,maneuverStraightAllowed,V2X,2024-10-07T16:31:09.000+00:00
1102,2.0,0,0,maneuverStraightAllowed,V2X,2024-10-07T16:31:09.000+00:00
1102,3.0,0,0,maneuverStraightAllowed,V2X,2024-10-07T16:31:09.000+00:00
1102,4.0,0,0, ,V2X,2024-10-07T16:31:09.000+00:00
1102,5.0,1,0,maneuverStraightAllowed,V2X,2024-10-07T16:31:09.000+00:00
1102,6.0,1,0,maneuverStraightAllowed,V2X,2024-10-07T16:31:09.000+00:00
1102,7.0,1,0,maneuverStraightAllowedmaneuverRightAllowed,V2X,2024-10-07T16:31:09.000+00:00
1102,21.0,0,0,maneuverRightAllowed,V2X,2024-10-07T16:31:09.000+00:00
1102,22.0,0,0,maneuverLeftAllowed,V2X,2024-10-07T16:31:09.000+00:00
1102,23.0,0,0,maneuverLeftAllowed,V2X,2024-10-07T16:31:09.000+00:00
1102,24.0,1,0,maneuverRightAllowed,V2X,2024-10-07T16:31:09.000+00:00
1102,41.0,0,0,maneuverRightAllowed,V2X,2024-10-07T16:31:09.000+00:00
1102,42.0,0,0,maneuverStraightAllowed,V2X,2024-10-07T16:31:09.000+00:00
1102,43.0,0,0,maneuverStraightAllowed,V2X,2024-10-07T16:31:09.000+00:00
1102,44.0,0,0,maneuverStraightAllowed,V2X,2024-10-07T16:31:09.000+00:00
1102,45.0,1,0,maneuverStraightAllowedmaneuverLeftAllowed,V2X,2024-10-07T16:31:09.000+00:00
1102,46.0,1,0,maneuverStraightAllowedmaneuverLeftAllowed,V2X,2024-10-07T16:31:09.000+00:00
1102,47.0,1,0,maneuverStraightAllowed,V2X,2024-10-07T16:31:09.000+00:00
1103,1.0,0,0,maneuverStraightAllowedmaneuverRightAllowed,V2X,2024-10-07T16:31:09.000+00:00
1103,2.0,0,0,maneuverStraightAllowed,V2X,2024-10-07T16:31:09.000+00:00
1103,3.0,0,0,maneuverStraightAllowed,V2X,2024-10-07T16:31:09.000+00:00
1103,4.0,0,0, ,V2X,2024-10-07T16:31:09.000+00:00
1103,5.0,1,0,maneuverStraightAllowedmaneuverLeftAllowed,V2X,2024-10-07T16:31:09.000+00:00
1103,6.0,1,0,maneuverStraightAllowed,V2X,2024-10-07T16:31:09.000+00:00
1103,7.0,1,0,maneuverStraightAllowed,V2X,2024-10-07T16:31:09.000+00:00
1103,21.0,0,0,maneuverStraightAllowed,V2X,2024-10-07T16:31:09.000+00:00
1103,22.0,0,0,maneuverStraightAllowed,V2X,2024-10-07T16:31:09.000+00:00
1103,23.0,0,0,maneuverStraightAllowed,V2X,2024-10-07T16:31:09.000+00:00
1103,24.0,0,0,maneuverLeftAllowed,V2X,2024-10-07T16:31:09.000+00:00
1103,25.0,1,0,maneuverStraightAllowed,V2X,2024-10-07T16:31:09.000+00:00
1103,26.0,1,0,maneuverStraightAllowed,V2X,2024-10-07T16:31:09.000+00:00
1103,27.0,1,0,maneuverStraightAllowedmaneuverRightAllowed,V2X,2024-10-07T16:31:09.000+00:00
1103,41.0,0,0,maneuverRightAllowed,V2X,2024-10-07T16:31:09.000+00:00
1103,42.0,0,0,maneuverLeftAllowed,V2X,2024-10-07T16:31:09.000+00:00
1103,43.0,1,0,maneuverRightAllowedmaneuverLeftAllowed,V2X,2024-10-07T16:31:09.000+00:00
1104,1.0,0,0,maneuverStraightAllowed,V2X,2024-10-07T16:31:09.000+00:00
1104,2.0,0,0,maneuverStraightAllowed,V2X,2024-10-07T16:31:09.000+00:00
1104,3.0,0,0,maneuverStraightAllowed,V2X,2024-10-07T16:31:09.000+00:00
1104,4.0,0,0,maneuverLeftAllowed,V2X,2024-10-07T16:31:09.000+00:00
1104,5.0,1,0,maneuverStraightAllowed,V2X,2024-10-07T16:31:09.000+00:00
1104,6.0,1,0,maneuverStraightAllowed,V2X,2024-10-07T16:31:09.000+00:00
1104,7.0,1,0,maneuverRightAllowed,V2X,2024-10-07T16:31:09.000+00:00
1104,21.0,0,0,maneuverRightAllowed,V2X,2024-10-07T16:31:09.000+00:00
1104,22.0,0,0,maneuverLeftAllowed,V2X,2024-10-07T16:31:09.000+00:00
1104,23.0,1,0,maneuverLeftAllowed,V2X,2024-10-07T16:31:09.000+00:00
1104,24.0,1,0,maneuverRightAllowed,V2X,2024-10-07T16:31:09.000+00:00
1104,41.0,0,0,maneuverStraightAllowedmaneuverRightAllowed,V2X,2024-10-07T16:31:09.000+00:00
1104,42.0,0,0,maneuverStraightAllowed,V2X,2024-10-07T16:31:09.000+00:00
1104,43.0,1,0,maneuverStraightAllowedmaneuverLeftAllowed,V2X,2024-10-07T16:31:09.000+00:00
1104,44.0,1,0,maneuverStraightAllowed,V2X,2024-10-07T16:31:09.000+00:00
1104,45.0,1,0,maneuverStraightAllowed,V2X,2024-10-07T16:31:09.000+00:00
1108,1.0,0,0,maneuverStraightAllowedmaneuverRightAllowed,V2X,2024-10-07T16:31:10.000+00:00
1108,2.0,0,0,maneuverStraightAllowed,V2X,2024-10-07T16:31:10.000+00:00
1108,3.0,0,0,maneuverLeftAllowed,V2X,2024-10-07T16:31:10.000+00:00
1108,4.0,1,0,maneuverLeftAllowed,V2X,2024-10-07T16:31:10.000+00:00
1108,5.0,1,0,maneuverStraightAllowed,V2X,2024-10-07T16:31:10.000+00:00
1108,6.0,1,0,maneuverStraightAllowedmaneuverRightAllowed,V2X,2024-10-07T16:31:10.000+00:00
1108,21.0,0,0,maneuverStraightAllowedmaneuverRightAllowed,V2X,2024-10-07T16:31:10.000+00:00
1108,22.0,0,0,maneuverStraightAllowedmaneuverLeftAllowed,V2X,2024-10-07T16:31:10.000+00:00
1108,23.0,1,0,maneuverStraightAllowedmaneuverLeftAllowed,V2X,2024-10-07T16:31:10.000+00:00
1108,24.0,1,0,maneuverStraightAllowedmaneuverRightAllowed,V2X,2024-10-07T16:31:10.000+00:00
1108,41.0,0,0,maneuverStraightAllowedmaneuverRightAllowed,V2X,2024-10-07T16:31:10.000+00:00
1108,42.0,0,0,maneuverStraightAllowed,V2X,2024-10-07T16:31:10.000+00:00
1108,43.0,0,0,maneuverLeftAllowed,V2X,2024-10-07T16:31:10.000+00:00
1108,44.0,1,0,maneuverLeftAllowed,V2X,2024-10-07T16:31:10.000+00:00
1108,45.0,1,0,maneuverStraightAllowed,V2X,2024-10-07T16:31:10.000+00:00
1108,46.0,1,0,maneuverStraightAllowedmaneuverRightAllowed,V2X,2024-10-07T16:31:10.000+00:00
1108,61.0,0,0,maneuverStraightAllowedmaneuverRightAllowed,V2X,2024-10-07T16:31:10.000+00:00
1108,62.0,0,0,maneuverStraightAllowedmaneuverLeftAllowed,V2X,2024-10-07T16:31:10.000+00:00
1108,63.0,1,0,maneuverStraightAllowedmaneuverLeftAllowed,V2X,2024-10-07T16:31:10.000+00:00
1108,64.0,1,0,maneuverStraightAllowedmaneuverRightAllowed,V2X,2024-10-07T16:31:10.000+00:00
1109,1.0,0,0,maneuverStraightAllowed,V2X,2024-10-07T16:31:06.000+00:00
1109,2.0,0,0,maneuverStraightAllowed,V2X,2024-10-07T16:31:06.000+00:00
1109,3.0,0,0,maneuverStraightAllowed,V2X,2024-10-07T16:31:06.000+00:00
1109,4.0,0,0,maneuverLeftAllowed,V2X,2024-10-07T16:31:06.000+00:00
1109,5.0,1,0,maneuverStraightAllowed,V2X,2024-10-07T16:31:06.000+00:00
1109,6.0,1,0,maneuverStraightAllowed,V2X,2024-10-07T16:31:06.000+00:00
1109,7.0,1,0,maneuverRightAllowed,V2X,2024-10-07T16:31:06.000+00:00
1109,21.0,0,0,"maneuverStraightAllowed,maneuverRightAllowed",V2X,2024-10-07T16:31:06.000+00:00
1109,22.0,0,0,maneuverStraightAllowed,V2X,2024-10-07T16:31:06.000+00:00
1109,23.0,0,3,maneuverStraightAllowed,V2X,2024-10-07T16:31:06.000+00:00
1109,24.0,1,3,maneuverStraightAllowed,V2X,2024-10-07T16:31:06.000+00:00
1109,25.0,1,0,"maneuverStraightAllowed,maneuverLeftAllowed",V2X,2024-10-07T16:31:06.000+00:00
1109,26.0,1,0,maneuverStraightAllowed,V2X,2024-10-07T16:31:06.000+00:00
1109,41.0,0,0,maneuverStraightAllowed,V2X,2024-10-07T16:31:06.000+00:00
1109,42.0,0,0,maneuverStraightAllowed,V2X,2024-10-07T16:31:06.000+00:00
1109,43.0,0,0,maneuverLeftAllowed,V2X,2024-10-07T16:31:06.000+00:00
1109,44.0,1,0,maneuverStraightAllowed,V2X,2024-10-07T16:31:06.000+00:00
1109,45.0,1,0,maneuverStraightAllowed,V2X,2024-10-07T16:31:06.000+00:00
1109,46.0,1,0,maneuverStraightAllowed,V2X,2024-10-07T16:31:06.000+00:00
1109,61.0,0,0,maneuverStraightAllowed,V2X,2024-10-07T16:31:06.000+00:00
1109,62.0,0,0,maneuverStraightAllowed,V2X,2024-10-07T16:31:06.000+00:00
1109,63.0,0,3,maneuverStraightAllowed,V2X,2024-10-07T16:31:06.000+00:00
1109,64.0,1,3,maneuverStraightAllowed,V2X,2024-10-07T16:31:06.000+00:00
1109,65.0,1,0,"maneuverStraightAllowed,maneuverLeftAllowed",V2X,2024-10-07T16:31:06.000+00:00
1109,66.0,1,0,maneuverStraightAllowed,V2X,2024-10-07T16:31:06.000+00:00
111,1.0,0,0,maneuverStraightAllowed,V2X,2024-10-07T16:31:06.000+00:00
111,2.0,0,0,maneuverStraightAllowed,V2X,2024-10-07T16:31:06.000+00:00
111,3.0,0,0,maneuverStraightAllowed,V2X,2024-10-07T16:31:06.000+00:00
111,4.0,1,0,maneuverStraightAllowed,V2X,2024-10-07T16:31:06.000+00:00
111,5.0,1,0,maneuverStraightAllowed,V2X,2024-10-07T16:31:06.000+00:00
111,6.0,1,0,maneuverStraightAllowed,V2X,2024-10-07T16:31:06.000+00:00
111,21.0,0,0,maneuverStraightAllowed,V2X,2024-10-07T16:31:06.000+00:00
111,22.0,0,0,maneuverStraightAllowed,V2X,2024-10-07T16:31:06.000+00:00
111,23.0,0,0,maneuverStraightAllowed,V2X,2024-10-07T16:31:06.000+00:00
111,24.0,1,0,maneuverStraightAllowed,V2X,2024-10-07T16:31:06.000+00:00
111,25.0,1,0,maneuverStraightAllowed,V2X,2024-10-07T16:31:06.000+00:00
111,26.0,1,0,maneuverStraightAllowed,V2X,2024-10-07T16:31:06.000+00:00
1112,1.0,0,0,maneuverStraightAllowed,V2X,2024-10-07T16:31:09.000+00:00
1112,2.0,0,0,maneuverStraightAllowed,V2X,2024-10-07T16:31:09.000+00:00
1112,3.0,0,0,maneuverStraightAllowed,V2X,2024-10-07T16:31:09.000+00:00
1112,4.0,0,0, ,V2X,2024-10-07T16:31:09.000+00:00
1112,5.0,1,0,maneuverStraightAllowed,V2X,2024-10-07T16:31:09.000+00:00
1112,6.0,1,0,maneuverStraightAllowed,V2X,2024-10-07T16:31:09.000+00:00
1112,7.0,1,0,maneuverStraightAllowed,V2X,2024-10-07T16:31:09.000+00:00
1112,21.0,0,0,maneuverStraightAllowed,V2X,2024-10-07T16:31:09.000+00:00
1112,22.0,0,0,maneuverStraightAllowed,V2X,2024-10-07T16:31:09.000+00:00
1112,23.0,0,0,maneuverStraightAllowed,V2X,2024-10-07T16:31:09.000+00:00
1112,24.0,0,0, ,V2X,2024-10-07T16:31:09.000+00:00
1112,25.0,1,0,maneuverStraightAllowed,V2X,2024-10-07T16:31:09.000+00:00
1112,26.0,1,0,maneuverStraightAllowed,V2X,2024-10-07T16:31:09.000+00:00
1112,27.0,1,0,maneuverStraightAllowed,V2X,2024-10-07T16:31:09.000+00:00
1114,1.0,0,0,maneuverStraightAllowed,V2X,2024-10-07T16:31:09.000+00:00
1114,2.0,0,0,maneuverStraightAllowed,V2X,2024-10-07T16:31:09.000+00:00
1114,3.0,0,0,maneuverStraightAllowed,V2X,2024-10-07T16:31:09.000+00:00
1114,4.0,1,0,maneuverStraightAllowed,V2X,2024-10-07T16:31:09.000+00:00
1114,5.0,1,0,maneuverStraightAllowed,V2X,2024-10-07T16:31:09.000+00:00
1114,6.0,1,0,maneuverStraightAllowed,V2X,2024-10-07T16:31:09.000+00:00
1114,21.0,0,0,maneuverStraightAllowed,V2X,2024-10-07T16:31:09.000+00:00
1114,22.0,0,0,maneuverStraightAllowed,V2X,2024-10-07T16:31:09.000+00:00
1114,23.0,0,0,maneuverStraightAllowed,V2X,2024-10-07T16:31:09.000+00:00
1114,24.0,0,0, ,V2X,2024-10-07T16:31:09.000+00:00
1114,25.0,1,0,maneuverStraightAllowed,V2X,2024-10-07T16:31:09.000+00:00
1114,26.0,1,0,maneuverStraightAllowed,V2X,2024-10-07T16:31:09.000+00:00
1114,27.0,1,0,maneuverStraightAllowedmaneuverRightAllowed,V2X,2024-10-07T16:31:09.000+00:00
1114,41.0,0,0,maneuverRightAllowed,V2X,2024-10-07T16:31:09.000+00:00
1117,1.0,0,0,maneuverStraightAllowed,V2X,2024-10-07T16:31:09.000+00:00
1117,2.0,0,0,maneuverStraightAllowed,V2X,2024-10-07T16:31:09.000+00:00
1117,3.0,0,0,maneuverStraightAllowed,V2X,2024-10-07T16:31:09.000+00:00
1117,4.0,0,0,maneuverLeftAllowed,V2X,2024-10-07T16:31:09.000+00:00
1117,5.0,1,0,maneuverStraightAllowed,V2X,2024-10-07T16:31:09.000+00:00
1117,6.0,1,0,maneuverStraightAllowed,V2X,2024-10-07T16:31:09.000+00:00
1117,7.0,1,0,maneuverStraightAllowedmaneuverRightAllowed,V2X,2024-10-07T16:31:09.000+00:00
1117,21.0,0,0,maneuverRightAllowed,V2X,2024-10-07T16:31:09.000+00:00
1117,22.0,0,0,maneuverLeftAllowed,V2X,2024-10-07T16:31:09.000+00:00
1117,23.0,0,0,maneuverLeftAllowed,V2X,2024-10-07T16:31:09.000+00:00
1117,24.0,1,0,maneuverLeftAllowed,V2X,2024-10-07T16:31:09.000+00:00
1117,25.0,1,0,maneuverRightAllowed,V2X,2024-10-07T16:31:09.000+00:00
1117,41.0,0,0,maneuverRightAllowed,V2X,2024-10-07T16:31:09.000+00:00
1117,42.0,0,0,maneuverStraightAllowed,V2X,2024-10-07T16:31:09.000+00:00
1117,43.0,0,0,maneuverStraightAllowed,V2X,2024-10-07T16:31:09.000+00:00
1117,44.0,0,0,maneuverStraightAllowed,V2X,2024-10-07T16:31:09.000+00:00
1117,45.0,1,0,maneuverStraightAllowedmaneuverLeftAllowed,V2X,2024-10-07T16:31:09.000+00:00
1117,46.0,1,0,maneuverStraightAllowedmaneuverLeftAllowed,V2X,2024-10-07T16:31:09.000+00:00
