itstId,laneId,nodeOrdr,ofstXaxsCrdnt,ofstYaxsCrdnt,rgtrId,regDt
1,1.0,1.0,-984.0,178.0,V2X,2024-10-07T16:31:02.000+00:00
1,1.0,2.0,-984.0,175.0,V2X,2024-10-07T16:31:02.000+00:00
1,1.0,3.0,-986.0,167.0,V2X,2024-10-07T16:31:02.000+00:00
1,1.0,4.0,-985.0,174.0,V2X,2024-10-07T16:31:02.000+00:00
1,1.0,5.0,-983.0,181.0,V2X,2024-10-07T16:31:02.000+00:00
1,1.0,6.0,-979.0,201.0,V2X,2024-10-07T16:31:02.000+00:00
1,1.0,7.0,-965.0,261.0,V2X,2024-10-07T16:31:02.000+00:00
1,1.0,8.0,-945.0,327.0,V2X,2024-10-07T16:31:02.000+00:00
1,1.0,9.0,-893.0,449.0,V2X,2024-10-07T16:31:02.000+00:00
1,1.0,10.0,-837.0,547.0,V2X,2024-10-07T16:31:02.000+00:00
1,1.0,11.0,-3327.0,2478.0,V2X,2024-10-07T16:31:02.000+00:00
1,2.0,0.0,-1686.0,-492.0,V2X,2024-10-07T16:31:02.000+00:00
1,2.0,1.0,-984.0,176.0,V2X,2024-10-07T16:31:02.000+00:00
1,2.0,2.0,-985.0,174.0,V2X,2024-10-07T16:31:02.000+00:00
1,2.0,3.0,-985.0,171.0,V2X,2024-10-07T16:31:02.000+00:00
1,2.0,4.0,-984.0,180.0,V2X,2024-10-07T16:31:02.000+00:00
1,2.0,5.0,-983.0,183.0,V2X,2024-10-07T16:31:02.000+00:00
1,2.0,6.0,-977.0,215.0,V2X,2024-10-07T16:31:02.000+00:00
1,2.0,7.0,-961.0,275.0,V2X,2024-10-07T16:31:02.000+00:00
1,2.0,8.0,-935.0,351.0,V2X,2024-10-07T16:31:02.000+00:00
1,2.0,9.0,-890.0,453.0,V2X,2024-10-07T16:31:02.000+00:00
1,2.0,10.0,-838.0,545.0,V2X,2024-10-07T16:31:02.000+00:00
1,2.0,11.0,-3197.0,2381.0,V2X,2024-10-07T16:31:02.000+00:00
1,3.0,0.0,-1634.0,-206.0,V2X,2024-10-07T16:31:02.000+00:00
1,3.0,1.0,-984.0,175.0,V2X,2024-10-07T16:31:02.000+00:00
1,3.0,2.0,-985.0,174.0,V2X,2024-10-07T16:31:02.000+00:00
1,3.0,3.0,-985.0,170.0,V2X,2024-10-07T16:31:02.000+00:00
1,3.0,4.0,-985.0,174.0,V2X,2024-10-07T16:31:02.000+00:00
1,3.0,5.0,-982.0,188.0,V2X,2024-10-07T16:31:02.000+00:00
1,3.0,6.0,-976.0,219.0,V2X,2024-10-07T16:31:02.000+00:00
1,3.0,7.0,-956.0,291.0,V2X,2024-10-07T16:31:02.000+00:00
1,3.0,8.0,-932.0,361.0,V2X,2024-10-07T16:31:02.000+00:00
1,3.0,9.0,-884.0,465.0,V2X,2024-10-07T16:31:02.000+00:00
1,3.0,10.0,-839.0,544.0,V2X,2024-10-07T16:31:02.000+00:00
1,3.0,11.0,-3081.0,2285.0,V2X,2024-10-07T16:31:02.000+00:00
1,4.0,0.0,-1583.0,75.0,V2X,2024-10-07T16:31:02.000+00:00
1,4.0,1.0,-985.0,172.0,V2X,2024-10-07T16:31:02.000+00:00
1,4.0,2.0,-985.0,172.0,V2X,2024-10-07T16:31:02.000+00:00
1,4.0,3.0,-985.0,172.0,V2X,2024-10-07T16:31:02.000+00:00
1,4.0,4.0,-985.0,172.0,V2X,2024-10-07T16:31:02.000+00:00
1,4.0,5.0,-598.0,105.0,V2X,2024-10-07T16:31:02.000+00:00
1,5.0,0.0,-1528.0,382.0,V2X,2024-10-07T16:31:02.000+00:00
1,5.0,1.0,-984.0,179.0,V2X,2024-10-07T16:31:02.000+00:00
1,5.0,2.0,-984.0,178.0,V2X,2024-10-07T16:31:02.000+00:00
1,5.0,3.0,-985.0,173.0,V2X,2024-10-07T16:31:02.000+00:00
1,5.0,4.0,-986.0,167.0,V2X,2024-10-07T16:31:02.000+00:00
1,5.0,5.0,-984.0,178.0,V2X,2024-10-07T16:31:02.000+00:00
1,5.0,6.0,-972.0,236.0,V2X,2024-10-07T16:31:02.000+00:00
1,5.0,7.0,-951.0,309.0,V2X,2024-10-07T16:31:02.000+00:00
1,5.0,8.0,-917.0,397.0,V2X,2024-10-07T16:31:02.000+00:00
1,5.0,9.0,-875.0,482.0,V2X,2024-10-07T16:31:02.000+00:00
1,5.0,10.0,-837.0,548.0,V2X,2024-10-07T16:31:02.000+00:00
1,5.0,11.0,-2589.0,1913.0,V2X,2024-10-07T16:31:02.000+00:00
1,6.0,0.0,-1476.0,665.0,V2X,2024-10-07T16:31:02.000+00:00
1,6.0,1.0,-984.0,177.0,V2X,2024-10-07T16:31:02.000+00:00
1,6.0,2.0,-984.0,177.0,V2X,2024-10-07T16:31:02.000+00:00
1,6.0,3.0,-985.0,172.0,V2X,2024-10-07T16:31:02.000+00:00
1,6.0,4.0,-986.0,168.0,V2X,2024-10-07T16:31:02.000+00:00
1,6.0,5.0,-983.0,183.0,V2X,2024-10-07T16:31:02.000+00:00
1,6.0,6.0,-969.0,247.0,V2X,2024-10-07T16:31:02.000+00:00
1,6.0,7.0,-947.0,318.0,V2X,2024-10-07T16:31:02.000+00:00
1,6.0,8.0,-915.0,402.0,V2X,2024-10-07T16:31:02.000+00:00
1,6.0,9.0,-878.0,478.0,V2X,2024-10-07T16:31:02.000+00:00
1,6.0,10.0,-834.0,552.0,V2X,2024-10-07T16:31:02.000+00:00
1,6.0,11.0,-2469.0,1837.0,V2X,2024-10-07T16:31:02.000+00:00
1,7.0,0.0,-1424.0,955.0,V2X,2024-10-07T16:31:02.000+00:00
1,7.0,1.0,-985.0,173.0,V2X,2024-10-07T16:31:02.000+00:00
1,7.0,2.0,-985.0,173.0,V2X,2024-10-07T16:31:02.000+00:00
1,7.0,3.0,-985.0,172.0,V2X,2024-10-07T16:31:02.000+00:00
1,7.0,4.0,-985.0,172.0,V2X,2024-10-07T16:31:02.000+00:00
1,7.0,5.0,-983.0,184.0,V2X,2024-10-07T16:31:02.000+00:00
1,7.0,6.0,-965.0,262.0,V2X,2024-10-07T16:31:02.000+00:00
1,7.0,7.0,-946.0,323.0,V2X,2024-10-07T16:31:02.000+00:00
1,7.0,8.0,-912.0,408.0,V2X,2024-10-07T16:31:02.000+00:00
1,7.0,9.0,-874.0,485.0,V2X,2024-10-07T16:31:02.000+00:00
1,7.0,10.0,-832.0,555.0,V2X,2024-10-07T16:31:02.000+00:00
1,7.0,11.0,-2347.0,1759.0,V2X,2024-10-07T16:31:02.000+00:00
1,8.0,0.0,-1373.0,1234.0,V2X,2024-10-07T16:31:02.000+00:00
1,8.0,1.0,-985.0,174.0,V2X,2024-10-07T16:31:02.000+00:00
1,8.0,2.0,-985.0,174.0,V2X,2024-10-07T16:31:02.000+00:00
1,8.0,3.0,-985.0,173.0,V2X,2024-10-07T16:31:02.000+00:00
1,8.0,4.0,-985.0,173.0,V2X,2024-10-07T16:31:02.000+00:00
1,8.0,5.0,-978.0,207.0,V2X,2024-10-07T16:31:02.000+00:00
1,8.0,6.0,-959.0,283.0,V2X,2024-10-07T16:31:02.000+00:00
1,8.0,7.0,-900.0,430.0,V2X,2024-10-07T16:31:02.000+00:00
1,8.0,8.0,-882.0,471.0,V2X,2024-10-07T16:31:02.000+00:00
1,8.0,9.0,-861.0,508.0,V2X,2024-10-07T16:31:02.000+00:00
1,8.0,10.0,-850.0,527.0,V2X,2024-10-07T16:31:02.000+00:00
1,8.0,11.0,-1449.0,804.0,V2X,2024-10-07T16:31:02.000+00:00
1,21.0,0.0,279.0,2562.0,V2X,2024-10-07T16:31:02.000+00:00
1,21.0,1.0,664.0,748.0,V2X,2024-10-07T16:31:02.000+00:00
1,21.0,2.0,663.0,749.0,V2X,2024-10-07T16:31:02.000+00:00
1,21.0,3.0,659.0,752.0,V2X,2024-10-07T16:31:02.000+00:00
1,21.0,4.0,654.0,756.0,V2X,2024-10-07T16:31:02.000+00:00
1,21.0,5.0,617.0,787.0,V2X,2024-10-07T16:31:02.000+00:00
1,21.0,6.0,621.0,784.0,V2X,2024-10-07T16:31:02.000+00:00
1,21.0,7.0,622.0,783.0,V2X,2024-10-07T16:31:02.000+00:00
1,21.0,8.0,319.0,428.0,V2X,2024-10-07T16:31:02.000+00:00
1,22.0,0.0,530.0,2411.0,V2X,2024-10-07T16:31:02.000+00:00
1,22.0,1.0,668.0,744.0,V2X,2024-10-07T16:31:02.000+00:00
1,22.0,2.0,662.0,749.0,V2X,2024-10-07T16:31:02.000+00:00
1,22.0,3.0,660.0,751.0,V2X,2024-10-07T16:31:02.000+00:00
1,22.0,4.0,652.0,758.0,V2X,2024-10-07T16:31:02.000+00:00
1,22.0,5.0,617.0,787.0,V2X,2024-10-07T16:31:02.000+00:00
1,22.0,6.0,621.0,784.0,V2X,2024-10-07T16:31:02.000+00:00
1,22.0,7.0,622.0,783.0,V2X,2024-10-07T16:31:02.000+00:00
1,22.0,8.0,295.0,397.0,V2X,2024-10-07T16:31:02.000+00:00
1,23.0,0.0,1158.0,1668.0,V2X,2024-10-07T16:31:02.000+00:00
1,23.0,1.0,661.0,751.0,V2X,2024-10-07T16:31:02.000+00:00
1,23.0,2.0,668.0,744.0,V2X,2024-10-07T16:31:02.000+00:00
1,23.0,3.0,670.0,743.0,V2X,2024-10-07T16:31:02.000+00:00
1,23.0,4.0,661.0,750.0,V2X,2024-10-07T16:31:02.000+00:00
1,23.0,5.0,621.0,784.0,V2X,2024-10-07T16:31:02.000+00:00
1,23.0,6.0,621.0,784.0,V2X,2024-10-07T16:31:02.000+00:00
1,23.0,7.0,623.0,782.0,V2X,2024-10-07T16:31:02.000+00:00
1,23.0,8.0,239.0,300.0,V2X,2024-10-07T16:31:02.000+00:00
1,24.0,0.0,1409.0,1505.0,V2X,2024-10-07T16:31:02.000+00:00
1,24.0,1.0,658.0,753.0,V2X,2024-10-07T16:31:02.000+00:00
1,24.0,2.0,674.0,739.0,V2X,2024-10-07T16:31:02.000+00:00
1,24.0,3.0,675.0,738.0,V2X,2024-10-07T16:31:02.000+00:00
1,24.0,4.0,675.0,738.0,V2X,2024-10-07T16:31:02.000+00:00
1,24.0,5.0,620.0,785.0,V2X,2024-10-07T16:31:02.000+00:00
1,24.0,6.0,621.0,784.0,V2X,2024-10-07T16:31:02.000+00:00
1,24.0,7.0,623.0,782.0,V2X,2024-10-07T16:31:02.000+00:00
1,24.0,8.0,222.0,279.0,V2X,2024-10-07T16:31:02.000+00:00
1,41.0,0.0,2470.0,306.0,V2X,2024-10-07T16:31:02.000+00:00
1,41.0,1.0,989.0,-145.0,V2X,2024-10-07T16:31:02.000+00:00
1,41.0,2.0,988.0,-156.0,V2X,2024-10-07T16:31:02.000+00:00
1,41.0,3.0,982.0,-186.0,V2X,2024-10-07T16:31:02.000+00:00
1,41.0,4.0,975.0,-222.0,V2X,2024-10-07T16:31:02.000+00:00
1,41.0,5.0,969.0,-245.0,V2X,2024-10-07T16:31:02.000+00:00
1,41.0,6.0,958.0,-288.0,V2X,2024-10-07T16:31:02.000+00:00
1,41.0,7.0,949.0,-315.0,V2X,2024-10-07T16:31:02.000+00:00
1,41.0,8.0,948.0,-319.0,V2X,2024-10-07T16:31:02.000+00:00
1,41.0,9.0,944.0,-331.0,V2X,2024-10-07T16:31:02.000+00:00
1,41.0,10.0,940.0,-340.0,V2X,2024-10-07T16:31:02.000+00:00
1,41.0,11.0,4651.0,-1834.0,V2X,2024-10-07T16:31:02.000+00:00
1,41.0,12.0,4634.0,-1877.0,V2X,2024-10-07T16:31:02.000+00:00
1,41.0,13.0,4629.0,-1889.0,V2X,2024-10-07T16:31:02.000+00:00
1,41.0,14.0,394.0,-169.0,V2X,2024-10-07T16:31:02.000+00:00
1,42.0,0.0,2425.0,6.0,V2X,2024-10-07T16:31:02.000+00:00
1,42.0,1.0,988.0,-151.0,V2X,2024-10-07T16:31:02.000+00:00
1,42.0,2.0,988.0,-157.0,V2X,2024-10-07T16:31:02.000+00:00
1,42.0,3.0,983.0,-183.0,V2X,2024-10-07T16:31:02.000+00:00
1,42.0,4.0,977.0,-212.0,V2X,2024-10-07T16:31:02.000+00:00
1,42.0,5.0,968.0,-252.0,V2X,2024-10-07T16:31:02.000+00:00
1,42.0,6.0,957.0,-289.0,V2X,2024-10-07T16:31:02.000+00:00
1,42.0,7.0,951.0,-310.0,V2X,2024-10-07T16:31:02.000+00:00
1,42.0,8.0,947.0,-322.0,V2X,2024-10-07T16:31:02.000+00:00
1,42.0,9.0,941.0,-338.0,V2X,2024-10-07T16:31:02.000+00:00
1,42.0,10.0,938.0,-346.0,V2X,2024-10-07T16:31:02.000+00:00
1,42.0,11.0,4648.0,-1842.0,V2X,2024-10-07T16:31:02.000+00:00
1,42.0,12.0,4632.0,-1882.0,V2X,2024-10-07T16:31:02.000+00:00
1,42.0,13.0,4630.0,-1886.0,V2X,2024-10-07T16:31:02.000+00:00
1,42.0,14.0,322.0,-149.0,V2X,2024-10-07T16:31:02.000+00:00
1,43.0,0.0,2380.0,-290.0,V2X,2024-10-07T16:31:02.000+00:00
1,43.0,1.0,989.0,-148.0,V2X,2024-10-07T16:31:02.000+00:00
1,43.0,2.0,987.0,-162.0,V2X,2024-10-07T16:31:02.000+00:00
1,43.0,3.0,983.0,-184.0,V2X,2024-10-07T16:31:02.000+00:00
1,43.0,4.0,977.0,-212.0,V2X,2024-10-07T16:31:02.000+00:00
1,43.0,5.0,966.0,-259.0,V2X,2024-10-07T16:31:02.000+00:00
1,43.0,6.0,958.0,-287.0,V2X,2024-10-07T16:31:02.000+00:00
1,43.0,7.0,951.0,-309.0,V2X,2024-10-07T16:31:02.000+00:00
1,43.0,8.0,947.0,-321.0,V2X,2024-10-07T16:31:02.000+00:00
1,43.0,9.0,944.0,-331.0,V2X,2024-10-07T16:31:02.000+00:00
1,43.0,10.0,939.0,-344.0,V2X,2024-10-07T16:31:02.000+00:00
1,43.0,11.0,4644.0,-1853.0,V2X,2024-10-07T16:31:02.000+00:00
1,43.0,12.0,4632.0,-1882.0,V2X,2024-10-07T16:31:02.000+00:00
1,43.0,13.0,4630.0,-1887.0,V2X,2024-10-07T16:31:02.000+00:00
1,43.0,14.0,246.0,-108.0,V2X,2024-10-07T16:31:02.000+00:00
1,44.0,0.0,1981.0,-751.0,V2X,2024-10-07T16:31:02.000+00:00
1,44.0,1.0,991.0,-134.0,V2X,2024-10-07T16:31:02.000+00:00
1,44.0,2.0,990.0,-143.0,V2X,2024-10-07T16:31:02.000+00:00
1,44.0,3.0,984.0,-178.0,V2X,2024-10-07T16:31:02.000+00:00
1,44.0,4.0,971.0,-236.0,V2X,2024-10-07T16:31:02.000+00:00
1,44.0,5.0,170.0,-49.0,V2X,2024-10-07T16:31:02.000+00:00
1,45.0,0.0,1932.0,-1053.0,V2X,2024-10-07T16:31:02.000+00:00
1,45.0,1.0,991.0,-134.0,V2X,2024-10-07T16:31:02.000+00:00
1,45.0,2.0,990.0,-143.0,V2X,2024-10-07T16:31:02.000+00:00
1,45.0,3.0,983.0,-183.0,V2X,2024-10-07T16:31:02.000+00:00
1,45.0,4.0,970.0,-241.0,V2X,2024-10-07T16:31:02.000+00:00
1,45.0,5.0,132.0,-38.0,V2X,2024-10-07T16:31:02.000+00:00
1,46.0,0.0,1866.0,-1453.0,V2X,2024-10-07T16:31:02.000+00:00
1,46.0,1.0,995.0,-96.0,V2X,2024-10-07T16:31:02.000+00:00
1,46.0,2.0,994.0,-107.0,V2X,2024-10-07T16:31:02.000+00:00
1,46.0,3.0,982.0,-184.0,V2X,2024-10-07T16:31:02.000+00:00
1,46.0,4.0,726.0,-576.0,V2X,2024-10-07T16:31:02.000+00:00
10,1.0,0.0,1793.0,-2458.0,V2X,2024-10-07T16:30:55.000+00:00
10,1.0,1.0,264.0,-965.0,V2X,2024-10-07T16:30:55.000+00:00
10,1.0,2.0,156.0,-571.0,V2X,2024-10-07T16:30:55.000+00:00
10,2.0,0.0,1462.0,-2542.0,V2X,2024-10-07T16:30:55.000+00:00
10,2.0,1.0,264.0,-965.0,V2X,2024-10-07T16:30:55.000+00:00
10,2.0,2.0,263.0,-965.0,V2X,2024-10-07T16:30:55.000+00:00
10,2.0,3.0,262.0,-965.0,V2X,2024-10-07T16:30:55.000+00:00
10,2.0,4.0,263.0,-965.0,V2X,2024-10-07T16:30:55.000+00:00
10,2.0,5.0,263.0,-965.0,V2X,2024-10-07T16:30:55.000+00:00
10,2.0,6.0,259.0,-966.0,V2X,2024-10-07T16:30:55.000+00:00
10,2.0,7.0,106.0,-401.0,V2X,2024-10-07T16:30:55.000+00:00
10,3.0,0.0,1175.0,-2615.0,V2X,2024-10-07T16:30:55.000+00:00
10,3.0,1.0,264.0,-965.0,V2X,2024-10-07T16:30:55.000+00:00
10,3.0,2.0,263.0,-965.0,V2X,2024-10-07T16:30:55.000+00:00
10,3.0,3.0,262.0,-965.0,V2X,2024-10-07T16:30:55.000+00:00
10,3.0,4.0,263.0,-965.0,V2X,2024-10-07T16:30:55.000+00:00
10,3.0,5.0,263.0,-965.0,V2X,2024-10-07T16:30:55.000+00:00
10,3.0,6.0,259.0,-966.0,V2X,2024-10-07T16:30:55.000+00:00
10,3.0,7.0,106.0,-400.0,V2X,2024-10-07T16:30:55.000+00:00
10,4.0,0.0,884.0,-2689.0,V2X,2024-10-07T16:30:55.000+00:00
10,4.0,1.0,264.0,-965.0,V2X,2024-10-07T16:30:55.000+00:00
10,4.0,2.0,263.0,-965.0,V2X,2024-10-07T16:30:55.000+00:00
10,4.0,3.0,262.0,-965.0,V2X,2024-10-07T16:30:55.000+00:00
10,4.0,4.0,263.0,-965.0,V2X,2024-10-07T16:30:55.000+00:00
10,4.0,5.0,263.0,-965.0,V2X,2024-10-07T16:30:55.000+00:00
10,4.0,6.0,259.0,-966.0,V2X,2024-10-07T16:30:55.000+00:00
10,4.0,7.0,106.0,-399.0,V2X,2024-10-07T16:30:55.000+00:00
10,5.0,0.0,385.0,-2263.0,V2X,2024-10-07T16:30:55.000+00:00
10,5.0,1.0,265.0,-964.0,V2X,2024-10-07T16:30:55.000+00:00
10,5.0,2.0,265.0,-964.0,V2X,2024-10-07T16:30:55.000+00:00
10,5.0,3.0,263.0,-965.0,V2X,2024-10-07T16:30:55.000+00:00
10,5.0,4.0,262.0,-965.0,V2X,2024-10-07T16:30:55.000+00:00
10,5.0,5.0,263.0,-965.0,V2X,2024-10-07T16:30:55.000+00:00
10,5.0,6.0,262.0,-965.0,V2X,2024-10-07T16:30:55.000+00:00
10,5.0,7.0,243.0,-915.0,V2X,2024-10-07T16:30:55.000+00:00
10,6.0,0.0,90.0,-2332.0,V2X,2024-10-07T16:30:55.000+00:00
10,6.0,1.0,265.0,-964.0,V2X,2024-10-07T16:30:55.000+00:00
10,6.0,2.0,265.0,-964.0,V2X,2024-10-07T16:30:55.000+00:00
10,6.0,3.0,263.0,-965.0,V2X,2024-10-07T16:30:55.000+00:00
10,6.0,4.0,262.0,-965.0,V2X,2024-10-07T16:30:55.000+00:00
10,6.0,5.0,263.0,-965.0,V2X,2024-10-07T16:30:55.000+00:00
10,6.0,6.0,263.0,-965.0,V2X,2024-10-07T16:30:55.000+00:00
10,6.0,7.0,244.0,-919.0,V2X,2024-10-07T16:30:55.000+00:00
10,7.0,0.0,-201.0,-2402.0,V2X,2024-10-07T16:30:55.000+00:00
10,7.0,1.0,258.0,-966.0,V2X,2024-10-07T16:30:55.000+00:00
10,7.0,2.0,258.0,-966.0,V2X,2024-10-07T16:30:55.000+00:00
10,7.0,3.0,268.0,-963.0,V2X,2024-10-07T16:30:55.000+00:00
10,7.0,4.0,270.0,-963.0,V2X,2024-10-07T16:30:55.000+00:00
10,7.0,5.0,264.0,-964.0,V2X,2024-10-07T16:30:55.000+00:00
10,7.0,6.0,263.0,-965.0,V2X,2024-10-07T16:30:55.000+00:00
10,7.0,7.0,245.0,-922.0,V2X,2024-10-07T16:30:55.000+00:00
10,21.0,0.0,-2387.0,-666.0,V2X,2024-10-07T16:30:55.000+00:00
10,21.0,1.0,-990.0,-138.0,V2X,2024-10-07T16:30:55.000+00:00
10,21.0,2.0,-990.0,-138.0,V2X,2024-10-07T16:30:55.000+00:00
10,21.0,3.0,-990.0,-142.0,V2X,2024-10-07T16:30:55.000+00:00
10,21.0,4.0,-990.0,-142.0,V2X,2024-10-07T16:30:55.000+00:00
10,21.0,5.0,-990.0,-142.0,V2X,2024-10-07T16:30:55.000+00:00
10,21.0,6.0,-990.0,-142.0,V2X,2024-10-07T16:30:55.000+00:00
10,21.0,7.0,-990.0,-142.0,V2X,2024-10-07T16:30:55.000+00:00
10,21.0,8.0,-990.0,-141.0,V2X,2024-10-07T16:30:55.000+00:00
10,21.0,9.0,-990.0,-140.0,V2X,2024-10-07T16:30:55.000+00:00
10,21.0,10.0,-990.0,-140.0,V2X,2024-10-07T16:30:55.000+00:00
10,21.0,11.0,-439.0,-62.0,V2X,2024-10-07T16:30:55.000+00:00
10,22.0,0.0,-2404.0,-355.0,V2X,2024-10-07T16:30:55.000+00:00
10,22.0,1.0,-990.0,-138.0,V2X,2024-10-07T16:30:55.000+00:00
10,22.0,2.0,-990.0,-138.0,V2X,2024-10-07T16:30:55.000+00:00
10,22.0,3.0,-990.0,-142.0,V2X,2024-10-07T16:30:55.000+00:00
10,22.0,4.0,-990.0,-142.0,V2X,2024-10-07T16:30:55.000+00:00
10,22.0,5.0,-990.0,-142.0,V2X,2024-10-07T16:30:55.000+00:00
10,22.0,6.0,-990.0,-142.0,V2X,2024-10-07T16:30:55.000+00:00
10,22.0,7.0,-990.0,-142.0,V2X,2024-10-07T16:30:55.000+00:00
10,22.0,8.0,-990.0,-141.0,V2X,2024-10-07T16:30:55.000+00:00
10,22.0,9.0,-990.0,-140.0,V2X,2024-10-07T16:30:55.000+00:00
10,22.0,10.0,-990.0,-140.0,V2X,2024-10-07T16:30:55.000+00:00
10,22.0,11.0,-449.0,-63.0,V2X,2024-10-07T16:30:55.000+00:00
10,23.0,0.0,-2070.0,29.0,V2X,2024-10-07T16:30:55.000+00:00
10,23.0,1.0,-990.0,-138.0,V2X,2024-10-07T16:30:55.000+00:00
10,23.0,2.0,-990.0,-138.0,V2X,2024-10-07T16:30:55.000+00:00
10,23.0,3.0,-990.0,-140.0,V2X,2024-10-07T16:30:55.000+00:00
10,23.0,4.0,-990.0,-142.0,V2X,2024-10-07T16:30:55.000+00:00
10,23.0,5.0,-990.0,-142.0,V2X,2024-10-07T16:30:55.000+00:00
10,23.0,6.0,-990.0,-142.0,V2X,2024-10-07T16:30:55.000+00:00
10,23.0,7.0,-990.0,-142.0,V2X,2024-10-07T16:30:55.000+00:00
10,23.0,8.0,-990.0,-142.0,V2X,2024-10-07T16:30:55.000+00:00
10,23.0,9.0,-990.0,-142.0,V2X,2024-10-07T16:30:55.000+00:00
10,23.0,10.0,-990.0,-142.0,V2X,2024-10-07T16:30:55.000+00:00
10,23.0,11.0,-402.0,-58.0,V2X,2024-10-07T16:30:55.000+00:00
10,24.0,0.0,-2100.0,342.0,V2X,2024-10-07T16:30:55.000+00:00
10,24.0,1.0,-990.0,-138.0,V2X,2024-10-07T16:30:55.000+00:00
10,24.0,2.0,-990.0,-138.0,V2X,2024-10-07T16:30:55.000+00:00
10,24.0,3.0,-990.0,-140.0,V2X,2024-10-07T16:30:55.000+00:00
10,24.0,4.0,-990.0,-142.0,V2X,2024-10-07T16:30:55.000+00:00
10,24.0,5.0,-990.0,-142.0,V2X,2024-10-07T16:30:55.000+00:00
10,24.0,6.0,-990.0,-139.0,V2X,2024-10-07T16:30:55.000+00:00
10,24.0,7.0,-990.0,-139.0,V2X,2024-10-07T16:30:55.000+00:00
10,24.0,8.0,-990.0,-139.0,V2X,2024-10-07T16:30:55.000+00:00
10,24.0,9.0,-990.0,-144.0,V2X,2024-10-07T16:30:55.000+00:00
10,24.0,10.0,-990.0,-144.0,V2X,2024-10-07T16:30:55.000+00:00
10,24.0,11.0,-411.0,-60.0,V2X,2024-10-07T16:30:55.000+00:00
10,41.0,0.0,-1342.0,2118.0,V2X,2024-10-07T16:30:55.000+00:00
10,41.0,1.0,-192.0,981.0,V2X,2024-10-07T16:30:55.000+00:00
10,41.0,2.0,-175.0,985.0,V2X,2024-10-07T16:30:55.000+00:00
10,41.0,3.0,-161.0,987.0,V2X,2024-10-07T16:30:55.000+00:00
10,41.0,4.0,-147.0,989.0,V2X,2024-10-07T16:30:55.000+00:00
10,41.0,5.0,-146.0,989.0,V2X,2024-10-07T16:30:55.000+00:00
10,41.0,6.0,-139.0,990.0,V2X,2024-10-07T16:30:55.000+00:00
10,41.0,7.0,-138.0,990.0,V2X,2024-10-07T16:30:55.000+00:00
10,41.0,8.0,-141.0,990.0,V2X,2024-10-07T16:30:55.000+00:00
10,41.0,9.0,-137.0,991.0,V2X,2024-10-07T16:30:55.000+00:00
10,41.0,10.0,-141.0,990.0,V2X,2024-10-07T16:30:55.000+00:00
10,41.0,11.0,-688.0,4952.0,V2X,2024-10-07T16:30:55.000+00:00
10,41.0,12.0,-598.0,4182.0,V2X,2024-10-07T16:30:55.000+00:00
10,42.0,0.0,-1042.0,2175.0,V2X,2024-10-07T16:30:55.000+00:00
10,42.0,1.0,-192.0,981.0,V2X,2024-10-07T16:30:55.000+00:00
10,42.0,2.0,-175.0,985.0,V2X,2024-10-07T16:30:55.000+00:00
10,42.0,3.0,-161.0,987.0,V2X,2024-10-07T16:30:55.000+00:00
10,42.0,4.0,-147.0,989.0,V2X,2024-10-07T16:30:55.000+00:00
10,42.0,5.0,-146.0,989.0,V2X,2024-10-07T16:30:55.000+00:00
10,42.0,6.0,-139.0,990.0,V2X,2024-10-07T16:30:55.000+00:00
10,42.0,7.0,-138.0,990.0,V2X,2024-10-07T16:30:55.000+00:00
10,42.0,8.0,-141.0,990.0,V2X,2024-10-07T16:30:55.000+00:00
10,42.0,9.0,-142.0,990.0,V2X,2024-10-07T16:30:55.000+00:00
10,42.0,10.0,-138.0,990.0,V2X,2024-10-07T16:30:55.000+00:00
10,42.0,11.0,-696.0,4951.0,V2X,2024-10-07T16:30:55.000+00:00
10,42.0,12.0,-593.0,4164.0,V2X,2024-10-07T16:30:55.000+00:00
10,43.0,0.0,-749.0,2231.0,V2X,2024-10-07T16:30:55.000+00:00
10,43.0,1.0,-192.0,981.0,V2X,2024-10-07T16:30:55.000+00:00
10,43.0,2.0,-175.0,985.0,V2X,2024-10-07T16:30:55.000+00:00
10,43.0,3.0,-161.0,987.0,V2X,2024-10-07T16:30:55.000+00:00
10,43.0,4.0,-147.0,989.0,V2X,2024-10-07T16:30:55.000+00:00
10,43.0,5.0,-146.0,989.0,V2X,2024-10-07T16:30:55.000+00:00
10,43.0,6.0,-139.0,990.0,V2X,2024-10-07T16:30:55.000+00:00
10,43.0,7.0,-138.0,990.0,V2X,2024-10-07T16:30:55.000+00:00
10,43.0,8.0,-143.0,990.0,V2X,2024-10-07T16:30:55.000+00:00
10,43.0,9.0,-140.0,990.0,V2X,2024-10-07T16:30:55.000+00:00
10,43.0,10.0,-140.0,990.0,V2X,2024-10-07T16:30:55.000+00:00
10,43.0,11.0,-699.0,4951.0,V2X,2024-10-07T16:30:55.000+00:00
10,43.0,12.0,-590.0,4147.0,V2X,2024-10-07T16:30:55.000+00:00
10,44.0,0.0,-345.0,2032.0,V2X,2024-10-07T16:30:55.000+00:00
10,44.0,1.0,-197.0,980.0,V2X,2024-10-07T16:30:55.000+00:00
10,44.0,2.0,-183.0,983.0,V2X,2024-10-07T16:30:55.000+00:00
10,44.0,3.0,-167.0,986.0,V2X,2024-10-07T16:30:55.000+00:00
10,44.0,4.0,-151.0,988.0,V2X,2024-10-07T16:30:55.000+00:00
10,44.0,5.0,-147.0,989.0,V2X,2024-10-07T16:30:55.000+00:00
10,44.0,6.0,-141.0,990.0,V2X,2024-10-07T16:30:55.000+00:00
10,44.0,7.0,-137.0,991.0,V2X,2024-10-07T16:30:55.000+00:00
10,44.0,8.0,-141.0,990.0,V2X,2024-10-07T16:30:55.000+00:00
10,44.0,9.0,-141.0,990.0,V2X,2024-10-07T16:30:55.000+00:00
10,44.0,10.0,-139.0,990.0,V2X,2024-10-07T16:30:55.000+00:00
10,44.0,11.0,-694.0,4952.0,V2X,2024-10-07T16:30:55.000+00:00
10,44.0,12.0,-548.0,3846.0,V2X,2024-10-07T16:30:55.000+00:00
10,45.0,0.0,-48.0,2084.0,V2X,2024-10-07T16:30:55.000+00:00
10,45.0,1.0,-197.0,980.0,V2X,2024-10-07T16:30:55.000+00:00
10,45.0,2.0,-188.0,982.0,V2X,2024-10-07T16:30:55.000+00:00
10,45.0,3.0,-163.0,987.0,V2X,2024-10-07T16:30:55.000+00:00
10,45.0,4.0,-157.0,988.0,V2X,2024-10-07T16:30:55.000+00:00
10,45.0,5.0,-146.0,989.0,V2X,2024-10-07T16:30:55.000+00:00
10,45.0,6.0,-138.0,990.0,V2X,2024-10-07T16:30:55.000+00:00
10,45.0,7.0,-139.0,990.0,V2X,2024-10-07T16:30:55.000+00:00
10,45.0,8.0,-142.0,990.0,V2X,2024-10-07T16:30:55.000+00:00
10,45.0,9.0,-139.0,990.0,V2X,2024-10-07T16:30:55.000+00:00
10,45.0,10.0,-139.0,990.0,V2X,2024-10-07T16:30:55.000+00:00
10,45.0,11.0,-696.0,4951.0,V2X,2024-10-07T16:30:55.000+00:00
10,45.0,12.0,-546.0,3829.0,V2X,2024-10-07T16:30:55.000+00:00
10,46.0,0.0,272.0,2140.0,V2X,2024-10-07T16:30:55.000+00:00
10,46.0,1.0,-197.0,980.0,V2X,2024-10-07T16:30:55.000+00:00
10,46.0,2.0,-188.0,982.0,V2X,2024-10-07T16:30:55.000+00:00
10,46.0,3.0,-163.0,987.0,V2X,2024-10-07T16:30:55.000+00:00
10,46.0,4.0,-157.0,988.0,V2X,2024-10-07T16:30:55.000+00:00
10,46.0,5.0,-152.0,988.0,V2X,2024-10-07T16:30:55.000+00:00
10,46.0,6.0,-138.0,990.0,V2X,2024-10-07T16:30:55.000+00:00
10,46.0,7.0,-140.0,990.0,V2X,2024-10-07T16:30:55.000+00:00
10,46.0,8.0,-140.0,990.0,V2X,2024-10-07T16:30:55.000+00:00
10,46.0,9.0,-139.0,990.0,V2X,2024-10-07T16:30:55.000+00:00
10,46.0,10.0,-142.0,990.0,V2X,2024-10-07T16:30:55.000+00:00
10,46.0,11.0,-690.0,4952.0,V2X,2024-10-07T16:30:55.000+00:00
10,46.0,12.0,-542.0,3811.0,V2X,2024-10-07T16:30:55.000+00:00
10,61.0,0.0,2164.0,951.0,V2X,2024-10-07T16:30:55.000+00:00
10,61.0,1.0,991.0,131.0,V2X,2024-10-07T16:30:55.000+00:00
10,61.0,2.0,991.0,135.0,V2X,2024-10-07T16:30:55.000+00:00
10,61.0,3.0,991.0,136.0,V2X,2024-10-07T16:30:55.000+00:00
10,61.0,4.0,991.0,137.0,V2X,2024-10-07T16:30:55.000+00:00
10,61.0,5.0,991.0,137.0,V2X,2024-10-07T16:30:55.000+00:00
10,61.0,6.0,990.0,138.0,V2X,2024-10-07T16:30:55.000+00:00
10,61.0,7.0,598.0,91.0,V2X,2024-10-07T16:30:55.000+00:00
10,62.0,0.0,2261.0,646.0,V2X,2024-10-07T16:30:55.000+00:00
10,62.0,1.0,991.0,131.0,V2X,2024-10-07T16:30:55.000+00:00
10,62.0,2.0,991.0,135.0,V2X,2024-10-07T16:30:55.000+00:00
10,62.0,3.0,991.0,136.0,V2X,2024-10-07T16:30:55.000+00:00
10,62.0,4.0,991.0,137.0,V2X,2024-10-07T16:30:55.000+00:00
10,62.0,5.0,991.0,137.0,V2X,2024-10-07T16:30:55.000+00:00
10,62.0,6.0,990.0,138.0,V2X,2024-10-07T16:30:55.000+00:00
10,62.0,7.0,549.0,79.0,V2X,2024-10-07T16:30:55.000+00:00
10,63.0,0.0,2096.0,284.0,V2X,2024-10-07T16:30:55.000+00:00
10,63.0,1.0,991.0,136.0,V2X,2024-10-07T16:30:55.000+00:00
10,63.0,2.0,991.0,135.0,V2X,2024-10-07T16:30:55.000+00:00
10,63.0,3.0,991.0,135.0,V2X,2024-10-07T16:30:55.000+00:00
10,63.0,4.0,991.0,137.0,V2X,2024-10-07T16:30:55.000+00:00
10,63.0,5.0,991.0,137.0,V2X,2024-10-07T16:30:55.000+00:00
10,63.0,6.0,990.0,138.0,V2X,2024-10-07T16:30:55.000+00:00
10,63.0,7.0,446.0,61.0,V2X,2024-10-07T16:30:55.000+00:00
10,64.0,0.0,2188.0,-25.0,V2X,2024-10-07T16:30:55.000+00:00
10,64.0,1.0,990.0,138.0,V2X,2024-10-07T16:30:55.000+00:00
10,64.0,2.0,991.0,133.0,V2X,2024-10-07T16:30:55.000+00:00
10,64.0,3.0,991.0,133.0,V2X,2024-10-07T16:30:55.000+00:00
10,64.0,4.0,991.0,137.0,V2X,2024-10-07T16:30:55.000+00:00
10,64.0,5.0,991.0,137.0,V2X,2024-10-07T16:30:55.000+00:00
10,64.0,6.0,990.0,138.0,V2X,2024-10-07T16:30:55.000+00:00
10,64.0,7.0,409.0,56.0,V2X,2024-10-07T16:30:55.000+00:00
1007,1.0,0.0,-831.0,-602.0,V2X,2024-10-07T16:30:59.000+00:00
1007,1.0,1.0,-1000.0,29.0,V2X,2024-10-07T16:30:59.000+00:00
1007,1.0,2.0,-1000.0,29.0,V2X,2024-10-07T16:30:59.000+00:00
1007,1.0,3.0,-1000.0,27.0,V2X,2024-10-07T16:30:59.000+00:00
1007,1.0,4.0,-1000.0,27.0,V2X,2024-10-07T16:30:59.000+00:00
1007,1.0,5.0,-964.0,26.0,V2X,2024-10-07T16:30:59.000+00:00
1007,2.0,0.0,-830.0,-315.0,V2X,2024-10-07T16:30:59.000+00:00
1007,2.0,1.0,-1000.0,29.0,V2X,2024-10-07T16:30:59.000+00:00
1007,2.0,2.0,-1000.0,29.0,V2X,2024-10-07T16:30:59.000+00:00
1007,2.0,3.0,-1000.0,29.0,V2X,2024-10-07T16:30:59.000+00:00
1007,2.0,4.0,-1000.0,26.0,V2X,2024-10-07T16:30:59.000+00:00
1007,2.0,5.0,-955.0,25.0,V2X,2024-10-07T16:30:59.000+00:00
1007,3.0,0.0,-829.0,-52.0,V2X,2024-10-07T16:30:59.000+00:00
1007,3.0,1.0,-1000.0,29.0,V2X,2024-10-07T16:30:59.000+00:00
1007,3.0,2.0,-374.0,11.0,V2X,2024-10-07T16:30:59.000+00:00
1007,4.0,0.0,-828.0,248.0,V2X,2024-10-07T16:30:59.000+00:00
1007,4.0,1.0,-1000.0,25.0,V2X,2024-10-07T16:30:59.000+00:00
1007,4.0,2.0,-1000.0,29.0,V2X,2024-10-07T16:30:59.000+00:00
1007,4.0,3.0,-999.0,32.0,V2X,2024-10-07T16:30:59.000+00:00
1007,4.0,4.0,-1000.0,28.0,V2X,2024-10-07T16:30:59.000+00:00
1007,4.0,5.0,-617.0,17.0,V2X,2024-10-07T16:30:59.000+00:00
1007,5.0,0.0,-827.0,533.0,V2X,2024-10-07T16:30:59.000+00:00
1007,5.0,1.0,-1000.0,29.0,V2X,2024-10-07T16:30:59.000+00:00
1007,5.0,2.0,-1000.0,29.0,V2X,2024-10-07T16:30:59.000+00:00
1007,5.0,3.0,-1000.0,28.0,V2X,2024-10-07T16:30:59.000+00:00
1007,5.0,4.0,-1000.0,28.0,V2X,2024-10-07T16:30:59.000+00:00
1007,5.0,5.0,-608.0,17.0,V2X,2024-10-07T16:30:59.000+00:00
1007,21.0,0.0,-159.0,1482.0,V2X,2024-10-07T16:30:59.000+00:00
1007,21.0,1.0,29.0,1000.0,V2X,2024-10-07T16:30:59.000+00:00
1007,21.0,2.0,27.0,1000.0,V2X,2024-10-07T16:30:59.000+00:00
1007,21.0,3.0,27.0,1000.0,V2X,2024-10-07T16:30:59.000+00:00
1007,21.0,4.0,38.0,999.0,V2X,2024-10-07T16:30:59.000+00:00
1007,21.0,5.0,40.0,999.0,V2X,2024-10-07T16:30:59.000+00:00
1007,21.0,6.0,33.0,999.0,V2X,2024-10-07T16:30:59.000+00:00
1007,21.0,7.0,19.0,697.0,V2X,2024-10-07T16:30:59.000+00:00
1007,22.0,0.0,154.0,1182.0,V2X,2024-10-07T16:30:59.000+00:00
1007,22.0,1.0,27.0,1000.0,V2X,2024-10-07T16:30:59.000+00:00
1007,22.0,2.0,27.0,1000.0,V2X,2024-10-07T16:30:59.000+00:00
1007,22.0,3.0,25.0,1000.0,V2X,2024-10-07T16:30:59.000+00:00
1007,22.0,4.0,25.0,1000.0,V2X,2024-10-07T16:30:59.000+00:00
1007,22.0,5.0,25.0,1000.0,V2X,2024-10-07T16:30:59.000+00:00
1007,22.0,6.0,25.0,1000.0,V2X,2024-10-07T16:30:59.000+00:00
1007,22.0,7.0,24.0,979.0,V2X,2024-10-07T16:30:59.000+00:00
1007,41.0,0.0,1742.0,463.0,V2X,2024-10-07T16:30:59.000+00:00
1007,41.0,1.0,1000.0,-25.0,V2X,2024-10-07T16:30:59.000+00:00
1007,41.0,2.0,1000.0,-25.0,V2X,2024-10-07T16:30:59.000+00:00
1007,41.0,3.0,1000.0,-25.0,V2X,2024-10-07T16:30:59.000+00:00
1007,41.0,4.0,1000.0,-25.0,V2X,2024-10-07T16:30:59.000+00:00
1007,41.0,5.0,1000.0,-26.0,V2X,2024-10-07T16:30:59.000+00:00
1007,41.0,6.0,1000.0,-26.0,V2X,2024-10-07T16:30:59.000+00:00
1007,41.0,7.0,1000.0,-26.0,V2X,2024-10-07T16:30:59.000+00:00
1007,41.0,8.0,1000.0,-27.0,V2X,2024-10-07T16:30:59.000+00:00
1007,41.0,9.0,762.0,-21.0,V2X,2024-10-07T16:30:59.000+00:00
1007,42.0,0.0,1738.0,180.0,V2X,2024-10-07T16:30:59.000+00:00
1007,42.0,1.0,1000.0,-25.0,V2X,2024-10-07T16:30:59.000+00:00
1007,42.0,2.0,1000.0,-25.0,V2X,2024-10-07T16:30:59.000+00:00
1007,42.0,3.0,1000.0,-25.0,V2X,2024-10-07T16:30:59.000+00:00
1007,42.0,4.0,1000.0,-26.0,V2X,2024-10-07T16:30:59.000+00:00
1007,42.0,5.0,1000.0,-27.0,V2X,2024-10-07T16:30:59.000+00:00
1007,42.0,6.0,1000.0,-27.0,V2X,2024-10-07T16:30:59.000+00:00
1007,42.0,7.0,1000.0,-28.0,V2X,2024-10-07T16:30:59.000+00:00
1007,42.0,8.0,1000.0,-28.0,V2X,2024-10-07T16:30:59.000+00:00
1007,42.0,9.0,756.0,-21.0,V2X,2024-10-07T16:30:59.000+00:00
1007,43.0,0.0,1410.0,-372.0,V2X,2024-10-07T16:30:59.000+00:00
1007,43.0,1.0,1000.0,-26.0,V2X,2024-10-07T16:30:59.000+00:00
1007,43.0,2.0,1000.0,-26.0,V2X,2024-10-07T16:30:59.000+00:00
1007,43.0,3.0,1000.0,-26.0,V2X,2024-10-07T16:30:59.000+00:00
1007,43.0,4.0,1000.0,-25.0,V2X,2024-10-07T16:30:59.000+00:00
1007,43.0,5.0,1000.0,-22.0,V2X,2024-10-07T16:30:59.000+00:00
1007,43.0,6.0,1000.0,-26.0,V2X,2024-10-07T16:30:59.000+00:00
1007,43.0,7.0,1000.0,-24.0,V2X,2024-10-07T16:30:59.000+00:00
1007,43.0,8.0,1000.0,-29.0,V2X,2024-10-07T16:30:59.000+00:00
1007,43.0,9.0,1000.0,-29.0,V2X,2024-10-07T16:30:59.000+00:00
1007,43.0,10.0,64.0,-2.0,V2X,2024-10-07T16:30:59.000+00:00
1007,44.0,0.0,1404.0,-658.0,V2X,2024-10-07T16:30:59.000+00:00
1007,44.0,1.0,1000.0,-26.0,V2X,2024-10-07T16:30:59.000+00:00
1007,44.0,2.0,1000.0,-26.0,V2X,2024-10-07T16:30:59.000+00:00
1007,44.0,3.0,1000.0,-26.0,V2X,2024-10-07T16:30:59.000+00:00
1007,44.0,4.0,1000.0,-26.0,V2X,2024-10-07T16:30:59.000+00:00
1007,44.0,5.0,1000.0,-24.0,V2X,2024-10-07T16:30:59.000+00:00
1007,44.0,6.0,1000.0,-24.0,V2X,2024-10-07T16:30:59.000+00:00
1007,44.0,7.0,1000.0,-24.0,V2X,2024-10-07T16:30:59.000+00:00
1007,44.0,8.0,1000.0,-29.0,V2X,2024-10-07T16:30:59.000+00:00
1007,44.0,9.0,1000.0,-29.0,V2X,2024-10-07T16:30:59.000+00:00
1007,44.0,10.0,59.0,-2.0,V2X,2024-10-07T16:30:59.000+00:00
101,1.0,0.0,-3103.0,-1786.0,V2X,2024-10-07T16:30:50.000+00:00
101,1.0,1.0,-949.0,-314.0,V2X,2024-10-07T16:30:50.000+00:00
101,1.0,2.0,-949.0,-314.0,V2X,2024-10-07T16:30:50.000+00:00
101,1.0,3.0,-949.0,-314.0,V2X,2024-10-07T16:30:50.000+00:00
101,1.0,4.0,-949.0,-314.0,V2X,2024-10-07T16:30:50.000+00:00
101,1.0,5.0,-949.0,-314.0,V2X,2024-10-07T16:30:50.000+00:00
101,1.0,6.0,-949.0,-316.0,V2X,2024-10-07T16:30:50.000+00:00
101,1.0,7.0,-948.0,-317.0,V2X,2024-10-07T16:30:50.000+00:00
101,1.0,8.0,-948.0,-317.0,V2X,2024-10-07T16:30:50.000+00:00
101,1.0,9.0,-948.0,-317.0,V2X,2024-10-07T16:30:50.000+00:00
101,1.0,10.0,-949.0,-315.0,V2X,2024-10-07T16:30:50.000+00:00
101,1.0,11.0,-779.0,-258.0,V2X,2024-10-07T16:30:50.000+00:00
101,2.0,0.0,-3230.0,-1492.0,V2X,2024-10-07T16:30:50.000+00:00
101,2.0,1.0,-949.0,-315.0,V2X,2024-10-07T16:30:50.000+00:00
101,2.0,2.0,-949.0,-315.0,V2X,2024-10-07T16:30:50.000+00:00
101,2.0,3.0,-949.0,-315.0,V2X,2024-10-07T16:30:50.000+00:00
101,2.0,4.0,-949.0,-315.0,V2X,2024-10-07T16:30:50.000+00:00
101,2.0,5.0,-949.0,-315.0,V2X,2024-10-07T16:30:50.000+00:00
101,2.0,6.0,-949.0,-315.0,V2X,2024-10-07T16:30:50.000+00:00
101,2.0,7.0,-949.0,-315.0,V2X,2024-10-07T16:30:50.000+00:00
101,2.0,8.0,-949.0,-315.0,V2X,2024-10-07T16:30:50.000+00:00
101,2.0,9.0,-949.0,-315.0,V2X,2024-10-07T16:30:50.000+00:00
101,2.0,10.0,-949.0,-315.0,V2X,2024-10-07T16:30:50.000+00:00
101,2.0,11.0,-4696.0,-1716.0,V2X,2024-10-07T16:30:50.000+00:00
101,2.0,12.0,-4448.0,-2272.0,V2X,2024-10-07T16:30:50.000+00:00
101,2.0,13.0,-4083.0,-2879.0,V2X,2024-10-07T16:30:50.000+00:00
101,2.0,14.0,-3912.0,-3114.0,V2X,2024-10-07T16:30:50.000+00:00
101,2.0,15.0,-2829.0,-2348.0,V2X,2024-10-07T16:30:50.000+00:00
101,3.0,0.0,-3358.0,-1193.0,V2X,2024-10-07T16:30:50.000+00:00
101,3.0,1.0,-949.0,-314.0,V2X,2024-10-07T16:30:50.000+00:00
101,3.0,2.0,-949.0,-314.0,V2X,2024-10-07T16:30:50.000+00:00
101,3.0,3.0,-949.0,-314.0,V2X,2024-10-07T16:30:50.000+00:00
101,3.0,4.0,-949.0,-314.0,V2X,2024-10-07T16:30:50.000+00:00
101,3.0,5.0,-949.0,-314.0,V2X,2024-10-07T16:30:50.000+00:00
101,3.0,6.0,-949.0,-314.0,V2X,2024-10-07T16:30:50.000+00:00
101,3.0,7.0,-949.0,-314.0,V2X,2024-10-07T16:30:50.000+00:00
101,3.0,8.0,-949.0,-314.0,V2X,2024-10-07T16:30:50.000+00:00
101,3.0,9.0,-949.0,-314.0,V2X,2024-10-07T16:30:50.000+00:00
101,3.0,10.0,-949.0,-314.0,V2X,2024-10-07T16:30:50.000+00:00
101,3.0,11.0,-4697.0,-1711.0,V2X,2024-10-07T16:30:50.000+00:00
101,3.0,12.0,-4450.0,-2266.0,V2X,2024-10-07T16:30:50.000+00:00
101,3.0,13.0,-4084.0,-2878.0,V2X,2024-10-07T16:30:50.000+00:00
101,3.0,14.0,-3913.0,-3112.0,V2X,2024-10-07T16:30:50.000+00:00
101,3.0,15.0,-2914.0,-2418.0,V2X,2024-10-07T16:30:50.000+00:00
101,4.0,0.0,-3481.0,-909.0,V2X,2024-10-07T16:30:50.000+00:00
101,4.0,1.0,-949.0,-314.0,V2X,2024-10-07T16:30:50.000+00:00
101,4.0,2.0,-949.0,-314.0,V2X,2024-10-07T16:30:50.000+00:00
101,4.0,3.0,-949.0,-314.0,V2X,2024-10-07T16:30:50.000+00:00
101,4.0,4.0,-949.0,-314.0,V2X,2024-10-07T16:30:50.000+00:00
101,4.0,5.0,-949.0,-314.0,V2X,2024-10-07T16:30:50.000+00:00
101,4.0,6.0,-949.0,-314.0,V2X,2024-10-07T16:30:50.000+00:00
101,4.0,7.0,-949.0,-314.0,V2X,2024-10-07T16:30:50.000+00:00
101,4.0,8.0,-949.0,-314.0,V2X,2024-10-07T16:30:50.000+00:00
101,4.0,9.0,-949.0,-314.0,V2X,2024-10-07T16:30:50.000+00:00
101,4.0,10.0,-949.0,-314.0,V2X,2024-10-07T16:30:50.000+00:00
101,4.0,11.0,-4697.0,-1711.0,V2X,2024-10-07T16:30:50.000+00:00
101,4.0,12.0,-4451.0,-2266.0,V2X,2024-10-07T16:30:50.000+00:00
101,4.0,13.0,-4090.0,-2869.0,V2X,2024-10-07T16:30:50.000+00:00
101,4.0,14.0,-3725.0,-2963.0,V2X,2024-10-07T16:30:50.000+00:00
101,5.0,0.0,-3315.0,-486.0,V2X,2024-10-07T16:30:50.000+00:00
101,5.0,1.0,-949.0,-314.0,V2X,2024-10-07T16:30:50.000+00:00
101,5.0,2.0,-949.0,-314.0,V2X,2024-10-07T16:30:50.000+00:00
101,5.0,3.0,-949.0,-314.0,V2X,2024-10-07T16:30:50.000+00:00
101,5.0,4.0,-949.0,-314.0,V2X,2024-10-07T16:30:50.000+00:00
101,5.0,5.0,-949.0,-314.0,V2X,2024-10-07T16:30:50.000+00:00
101,5.0,6.0,-949.0,-314.0,V2X,2024-10-07T16:30:50.000+00:00
101,5.0,7.0,-949.0,-314.0,V2X,2024-10-07T16:30:50.000+00:00
101,5.0,8.0,-949.0,-314.0,V2X,2024-10-07T16:30:50.000+00:00
101,5.0,9.0,-949.0,-314.0,V2X,2024-10-07T16:30:50.000+00:00
101,5.0,10.0,-949.0,-314.0,V2X,2024-10-07T16:30:50.000+00:00
101,5.0,11.0,-4700.0,-1703.0,V2X,2024-10-07T16:30:50.000+00:00
101,5.0,12.0,-4475.0,-2217.0,V2X,2024-10-07T16:30:50.000+00:00
101,5.0,13.0,-4118.0,-2828.0,V2X,2024-10-07T16:30:51.000+00:00
101,5.0,14.0,-3913.0,-3112.0,V2X,2024-10-07T16:30:51.000+00:00
101,5.0,15.0,-3325.0,-2752.0,V2X,2024-10-07T16:30:51.000+00:00
101,6.0,0.0,-3444.0,-181.0,V2X,2024-10-07T16:30:51.000+00:00
101,6.0,1.0,-949.0,-314.0,V2X,2024-10-07T16:30:51.000+00:00
101,6.0,2.0,-949.0,-314.0,V2X,2024-10-07T16:30:51.000+00:00
101,6.0,3.0,-949.0,-314.0,V2X,2024-10-07T16:30:51.000+00:00
101,6.0,4.0,-949.0,-314.0,V2X,2024-10-07T16:30:51.000+00:00
101,6.0,5.0,-949.0,-314.0,V2X,2024-10-07T16:30:51.000+00:00
101,6.0,6.0,-949.0,-314.0,V2X,2024-10-07T16:30:51.000+00:00
101,6.0,7.0,-949.0,-314.0,V2X,2024-10-07T16:30:51.000+00:00
101,6.0,8.0,-949.0,-314.0,V2X,2024-10-07T16:30:51.000+00:00
101,6.0,9.0,-949.0,-314.0,V2X,2024-10-07T16:30:51.000+00:00
101,6.0,10.0,-949.0,-314.0,V2X,2024-10-07T16:30:51.000+00:00
101,6.0,11.0,-4694.0,-1720.0,V2X,2024-10-07T16:30:51.000+00:00
101,6.0,12.0,-4478.0,-2212.0,V2X,2024-10-07T16:30:51.000+00:00
101,6.0,13.0,-4122.0,-2822.0,V2X,2024-10-07T16:30:51.000+00:00
101,6.0,14.0,-3916.0,-3109.0,V2X,2024-10-07T16:30:51.000+00:00
101,6.0,15.0,-3405.0,-2818.0,V2X,2024-10-07T16:30:51.000+00:00
101,7.0,0.0,-3575.0,128.0,V2X,2024-10-07T16:30:51.000+00:00
101,7.0,1.0,-949.0,-314.0,V2X,2024-10-07T16:30:51.000+00:00
101,7.0,2.0,-949.0,-314.0,V2X,2024-10-07T16:30:51.000+00:00
101,7.0,3.0,-949.0,-314.0,V2X,2024-10-07T16:30:51.000+00:00
101,7.0,4.0,-949.0,-314.0,V2X,2024-10-07T16:30:51.000+00:00
101,7.0,5.0,-949.0,-314.0,V2X,2024-10-07T16:30:51.000+00:00
101,7.0,6.0,-949.0,-314.0,V2X,2024-10-07T16:30:51.000+00:00
101,7.0,7.0,-949.0,-314.0,V2X,2024-10-07T16:30:51.000+00:00
101,7.0,8.0,-949.0,-314.0,V2X,2024-10-07T16:30:51.000+00:00
101,7.0,9.0,-949.0,-314.0,V2X,2024-10-07T16:30:51.000+00:00
101,7.0,10.0,-949.0,-314.0,V2X,2024-10-07T16:30:51.000+00:00
101,7.0,11.0,-4694.0,-1721.0,V2X,2024-10-07T16:30:51.000+00:00
101,7.0,12.0,-4479.0,-2210.0,V2X,2024-10-07T16:30:51.000+00:00
101,7.0,13.0,-4127.0,-2814.0,V2X,2024-10-07T16:30:51.000+00:00
101,7.0,14.0,-3917.0,-3108.0,V2X,2024-10-07T16:30:51.000+00:00
101,7.0,15.0,-3490.0,-2887.0,V2X,2024-10-07T16:30:51.000+00:00
101,8.0,0.0,-4010.0,603.0,V2X,2024-10-07T16:30:50.000+00:00
101,8.0,1.0,-799.0,-565.0,V2X,2024-10-07T16:30:50.000+00:00
101,8.0,2.0,-950.0,-311.0,V2X,2024-10-07T16:30:50.000+00:00
101,8.0,3.0,-950.0,-312.0,V2X,2024-10-07T16:30:50.000+00:00
101,8.0,4.0,-950.0,-313.0,V2X,2024-10-07T16:30:50.000+00:00
101,8.0,5.0,-950.0,-313.0,V2X,2024-10-07T16:30:50.000+00:00
101,8.0,6.0,-950.0,-312.0,V2X,2024-10-07T16:30:50.000+00:00
101,8.0,7.0,-950.0,-312.0,V2X,2024-10-07T16:30:50.000+00:00
101,8.0,8.0,-950.0,-312.0,V2X,2024-10-07T16:30:50.000+00:00
101,8.0,9.0,-949.0,-315.0,V2X,2024-10-07T16:30:50.000+00:00
101,8.0,10.0,-366.0,-122.0,V2X,2024-10-07T16:30:50.000+00:00
101,21.0,0.0,-3897.0,1370.0,V2X,2024-10-07T16:30:50.000+00:00
101,21.0,1.0,-118.0,534.0,V2X,2024-10-07T16:30:50.000+00:00
101,22.0,0.0,-2999.0,861.0,V2X,2024-10-07T16:30:50.000+00:00
101,22.0,1.0,-685.0,728.0,V2X,2024-10-07T16:30:50.000+00:00
101,22.0,2.0,-685.0,728.0,V2X,2024-10-07T16:30:50.000+00:00
101,22.0,3.0,-685.0,728.0,V2X,2024-10-07T16:30:50.000+00:00
101,22.0,4.0,-685.0,728.0,V2X,2024-10-07T16:30:50.000+00:00
101,22.0,5.0,-688.0,726.0,V2X,2024-10-07T16:30:50.000+00:00
101,22.0,6.0,-688.0,726.0,V2X,2024-10-07T16:30:50.000+00:00
101,22.0,7.0,-689.0,725.0,V2X,2024-10-07T16:30:50.000+00:00
101,22.0,8.0,-689.0,724.0,V2X,2024-10-07T16:30:50.000+00:00
101,22.0,9.0,-689.0,724.0,V2X,2024-10-07T16:30:50.000+00:00
101,22.0,10.0,-689.0,724.0,V2X,2024-10-07T16:30:50.000+00:00
101,22.0,11.0,-3005.0,3273.0,V2X,2024-10-07T16:30:50.000+00:00
101,23.0,0.0,-2750.0,1070.0,V2X,2024-10-07T16:30:50.000+00:00
101,23.0,1.0,-687.0,726.0,V2X,2024-10-07T16:30:50.000+00:00
101,23.0,2.0,-687.0,726.0,V2X,2024-10-07T16:30:50.000+00:00
101,23.0,3.0,-687.0,726.0,V2X,2024-10-07T16:30:50.000+00:00
101,23.0,4.0,-687.0,726.0,V2X,2024-10-07T16:30:50.000+00:00
101,23.0,5.0,-688.0,726.0,V2X,2024-10-07T16:30:50.000+00:00
101,23.0,6.0,-688.0,726.0,V2X,2024-10-07T16:30:50.000+00:00
101,23.0,7.0,-689.0,725.0,V2X,2024-10-07T16:30:50.000+00:00
101,23.0,8.0,-689.0,724.0,V2X,2024-10-07T16:30:50.000+00:00
101,23.0,9.0,-689.0,724.0,V2X,2024-10-07T16:30:50.000+00:00
101,23.0,10.0,-689.0,724.0,V2X,2024-10-07T16:30:50.000+00:00
101,23.0,11.0,-3015.0,3282.0,V2X,2024-10-07T16:30:50.000+00:00
101,24.0,0.0,-2519.0,1262.0,V2X,2024-10-07T16:30:50.000+00:00
101,24.0,1.0,-687.0,726.0,V2X,2024-10-07T16:30:50.000+00:00
101,24.0,2.0,-687.0,726.0,V2X,2024-10-07T16:30:50.000+00:00
101,24.0,3.0,-687.0,726.0,V2X,2024-10-07T16:30:50.000+00:00
101,24.0,4.0,-687.0,726.0,V2X,2024-10-07T16:30:50.000+00:00
101,24.0,5.0,-688.0,726.0,V2X,2024-10-07T16:30:50.000+00:00
101,24.0,6.0,-688.0,726.0,V2X,2024-10-07T16:30:50.000+00:00
101,24.0,7.0,-689.0,725.0,V2X,2024-10-07T16:30:50.000+00:00
101,24.0,8.0,-689.0,724.0,V2X,2024-10-07T16:30:50.000+00:00
101,24.0,9.0,-689.0,724.0,V2X,2024-10-07T16:30:50.000+00:00
101,24.0,10.0,-689.0,724.0,V2X,2024-10-07T16:30:50.000+00:00
101,24.0,11.0,-3024.0,3291.0,V2X,2024-10-07T16:30:50.000+00:00
101,25.0,0.0,-2287.0,1455.0,V2X,2024-10-07T16:30:50.000+00:00
101,25.0,1.0,-687.0,726.0,V2X,2024-10-07T16:30:50.000+00:00
101,25.0,2.0,-687.0,726.0,V2X,2024-10-07T16:30:50.000+00:00
101,25.0,3.0,-687.0,726.0,V2X,2024-10-07T16:30:50.000+00:00
101,25.0,4.0,-687.0,726.0,V2X,2024-10-07T16:30:50.000+00:00
101,25.0,5.0,-688.0,726.0,V2X,2024-10-07T16:30:50.000+00:00
101,25.0,6.0,-674.0,739.0,V2X,2024-10-07T16:30:50.000+00:00
101,25.0,7.0,-667.0,744.0,V2X,2024-10-07T16:30:50.000+00:00
101,25.0,8.0,-722.0,691.0,V2X,2024-10-07T16:30:50.000+00:00
101,25.0,9.0,-689.0,725.0,V2X,2024-10-07T16:30:50.000+00:00
101,25.0,10.0,-683.0,730.0,V2X,2024-10-07T16:30:50.000+00:00
101,25.0,11.0,-3041.0,3296.0,V2X,2024-10-07T16:30:50.000+00:00
101,26.0,0.0,-2035.0,1666.0,V2X,2024-10-07T16:30:50.000+00:00
101,26.0,1.0,-691.0,722.0,V2X,2024-10-07T16:30:50.000+00:00
101,26.0,2.0,-691.0,722.0,V2X,2024-10-07T16:30:50.000+00:00
101,26.0,3.0,-691.0,722.0,V2X,2024-10-07T16:30:50.000+00:00
101,26.0,4.0,-691.0,723.0,V2X,2024-10-07T16:30:50.000+00:00
101,26.0,5.0,-688.0,726.0,V2X,2024-10-07T16:30:50.000+00:00
101,26.0,6.0,-354.0,374.0,V2X,2024-10-07T16:30:50.000+00:00
101,27.0,0.0,-1743.0,1909.0,V2X,2024-10-07T16:30:50.000+00:00
101,27.0,1.0,-692.0,722.0,V2X,2024-10-07T16:30:50.000+00:00
101,27.0,2.0,-692.0,722.0,V2X,2024-10-07T16:30:50.000+00:00
101,27.0,3.0,-692.0,722.0,V2X,2024-10-07T16:30:50.000+00:00
101,27.0,4.0,-692.0,722.0,V2X,2024-10-07T16:30:50.000+00:00
101,27.0,5.0,-692.0,722.0,V2X,2024-10-07T16:30:50.000+00:00
101,27.0,6.0,-688.0,725.0,V2X,2024-10-07T16:30:50.000+00:00
101,27.0,7.0,-683.0,731.0,V2X,2024-10-07T16:30:50.000+00:00
101,27.0,8.0,-683.0,731.0,V2X,2024-10-07T16:30:50.000+00:00
101,27.0,9.0,-683.0,730.0,V2X,2024-10-07T16:30:50.000+00:00
101,27.0,10.0,-683.0,730.0,V2X,2024-10-07T16:30:50.000+00:00
101,27.0,11.0,-2824.0,3019.0,V2X,2024-10-07T16:30:50.000+00:00
101,28.0,0.0,-1492.0,2119.0,V2X,2024-10-07T16:30:50.000+00:00
101,28.0,1.0,-691.0,723.0,V2X,2024-10-07T16:30:50.000+00:00
101,28.0,2.0,-691.0,723.0,V2X,2024-10-07T16:30:50.000+00:00
101,28.0,3.0,-691.0,723.0,V2X,2024-10-07T16:30:50.000+00:00
101,28.0,4.0,-691.0,723.0,V2X,2024-10-07T16:30:50.000+00:00
101,28.0,5.0,-691.0,723.0,V2X,2024-10-07T16:30:50.000+00:00
101,28.0,6.0,-691.0,723.0,V2X,2024-10-07T16:30:50.000+00:00
101,28.0,7.0,-684.0,730.0,V2X,2024-10-07T16:30:50.000+00:00
101,28.0,8.0,-683.0,731.0,V2X,2024-10-07T16:30:50.000+00:00
101,28.0,9.0,-683.0,731.0,V2X,2024-10-07T16:30:50.000+00:00
101,28.0,10.0,-681.0,732.0,V2X,2024-10-07T16:30:50.000+00:00
101,28.0,11.0,-2829.0,3047.0,V2X,2024-10-07T16:30:50.000+00:00
101,29.0,0.0,-1214.0,2351.0,V2X,2024-10-07T16:30:50.000+00:00
101,29.0,1.0,-691.0,723.0,V2X,2024-10-07T16:30:50.000+00:00
101,29.0,2.0,-691.0,723.0,V2X,2024-10-07T16:30:50.000+00:00
101,29.0,3.0,-691.0,723.0,V2X,2024-10-07T16:30:50.000+00:00
101,29.0,4.0,-691.0,723.0,V2X,2024-10-07T16:30:50.000+00:00
101,29.0,5.0,-691.0,723.0,V2X,2024-10-07T16:30:50.000+00:00
101,29.0,6.0,-691.0,723.0,V2X,2024-10-07T16:30:50.000+00:00
101,29.0,7.0,-684.0,730.0,V2X,2024-10-07T16:30:50.000+00:00
101,29.0,8.0,-683.0,731.0,V2X,2024-10-07T16:30:50.000+00:00
101,29.0,9.0,-683.0,731.0,V2X,2024-10-07T16:30:50.000+00:00
101,29.0,10.0,-681.0,732.0,V2X,2024-10-07T16:30:50.000+00:00
101,29.0,11.0,-1509.0,1625.0,V2X,2024-10-07T16:30:50.000+00:00
101,41.0,0.0,2233.0,2768.0,V2X,2024-10-07T16:30:50.000+00:00
101,41.0,1.0,934.0,358.0,V2X,2024-10-07T16:30:50.000+00:00
101,41.0,2.0,934.0,358.0,V2X,2024-10-07T16:30:50.000+00:00
101,41.0,3.0,934.0,358.0,V2X,2024-10-07T16:30:50.000+00:00
101,41.0,4.0,934.0,358.0,V2X,2024-10-07T16:30:50.000+00:00
101,41.0,5.0,269.0,103.0,V2X,2024-10-07T16:30:50.000+00:00
101,42.0,0.0,2361.0,2380.0,V2X,2024-10-07T16:30:50.000+00:00
101,42.0,1.0,942.0,337.0,V2X,2024-10-07T16:30:50.000+00:00
101,42.0,2.0,942.0,337.0,V2X,2024-10-07T16:30:50.000+00:00
101,42.0,3.0,942.0,337.0,V2X,2024-10-07T16:30:50.000+00:00
101,42.0,4.0,942.0,337.0,V2X,2024-10-07T16:30:50.000+00:00
101,42.0,5.0,274.0,98.0,V2X,2024-10-07T16:30:50.000+00:00
101,43.0,0.0,2470.0,2049.0,V2X,2024-10-07T16:30:50.000+00:00
101,43.0,1.0,942.0,335.0,V2X,2024-10-07T16:30:50.000+00:00
101,43.0,2.0,942.0,335.0,V2X,2024-10-07T16:30:50.000+00:00
101,43.0,3.0,942.0,335.0,V2X,2024-10-07T16:30:50.000+00:00
101,43.0,4.0,942.0,335.0,V2X,2024-10-07T16:30:50.000+00:00
101,43.0,5.0,278.0,99.0,V2X,2024-10-07T16:30:50.000+00:00
101,44.0,0.0,2564.0,1762.0,V2X,2024-10-07T16:30:50.000+00:00
101,44.0,1.0,943.0,333.0,V2X,2024-10-07T16:30:50.000+00:00
101,44.0,2.0,943.0,333.0,V2X,2024-10-07T16:30:50.000+00:00
101,44.0,3.0,943.0,333.0,V2X,2024-10-07T16:30:50.000+00:00
101,44.0,4.0,943.0,333.0,V2X,2024-10-07T16:30:50.000+00:00
101,44.0,5.0,281.0,99.0,V2X,2024-10-07T16:30:50.000+00:00
101,45.0,0.0,2656.0,1482.0,V2X,2024-10-07T16:30:50.000+00:00
101,45.0,1.0,943.0,333.0,V2X,2024-10-07T16:30:50.000+00:00
101,45.0,2.0,943.0,333.0,V2X,2024-10-07T16:30:50.000+00:00
101,45.0,3.0,943.0,333.0,V2X,2024-10-07T16:30:50.000+00:00
101,45.0,4.0,943.0,333.0,V2X,2024-10-07T16:30:50.000+00:00
101,45.0,5.0,285.0,100.0,V2X,2024-10-07T16:30:50.000+00:00
101,46.0,0.0,2485.0,1069.0,V2X,2024-10-07T16:30:50.000+00:00
101,46.0,1.0,943.0,332.0,V2X,2024-10-07T16:30:50.000+00:00
101,46.0,2.0,943.0,332.0,V2X,2024-10-07T16:30:50.000+00:00
101,46.0,3.0,943.0,332.0,V2X,2024-10-07T16:30:50.000+00:00
101,46.0,4.0,943.0,332.0,V2X,2024-10-07T16:30:50.000+00:00
101,46.0,5.0,943.0,332.0,V2X,2024-10-07T16:30:50.000+00:00
101,46.0,6.0,943.0,332.0,V2X,2024-10-07T16:30:50.000+00:00
101,46.0,7.0,944.0,331.0,V2X,2024-10-07T16:30:50.000+00:00
101,46.0,8.0,944.0,330.0,V2X,2024-10-07T16:30:50.000+00:00
101,46.0,9.0,944.0,330.0,V2X,2024-10-07T16:30:50.000+00:00
101,46.0,10.0,944.0,330.0,V2X,2024-10-07T16:30:50.000+00:00
101,46.0,11.0,4720.0,1651.0,V2X,2024-10-07T16:30:50.000+00:00
101,46.0,12.0,4717.0,1658.0,V2X,2024-10-07T16:30:50.000+00:00
101,46.0,13.0,4714.0,1665.0,V2X,2024-10-07T16:30:50.000+00:00
101,46.0,14.0,4712.0,1674.0,V2X,2024-10-07T16:30:50.000+00:00
101,46.0,15.0,4701.0,1703.0,V2X,2024-10-07T16:30:50.000+00:00
101,46.0,16.0,4685.0,1747.0,V2X,2024-10-07T16:30:50.000+00:00
101,46.0,17.0,4676.0,1770.0,V2X,2024-10-07T16:30:50.000+00:00
101,46.0,18.0,4676.0,1771.0,V2X,2024-10-07T16:30:50.000+00:00
101,46.0,19.0,4675.0,1774.0,V2X,2024-10-07T16:30:50.000+00:00
101,46.0,20.0,4677.0,1768.0,V2X,2024-10-07T16:30:50.000+00:00
101,46.0,21.0,4675.0,1774.0,V2X,2024-10-07T16:30:50.000+00:00
101,46.0,22.0,782.0,298.0,V2X,2024-10-07T16:30:50.000+00:00
101,47.0,0.0,2576.0,788.0,V2X,2024-10-07T16:30:50.000+00:00
101,47.0,1.0,944.0,330.0,V2X,2024-10-07T16:30:50.000+00:00
101,47.0,2.0,944.0,330.0,V2X,2024-10-07T16:30:50.000+00:00
101,47.0,3.0,944.0,330.0,V2X,2024-10-07T16:30:50.000+00:00
101,47.0,4.0,944.0,330.0,V2X,2024-10-07T16:30:50.000+00:00
101,47.0,5.0,943.0,333.0,V2X,2024-10-07T16:30:50.000+00:00
101,47.0,6.0,943.0,333.0,V2X,2024-10-07T16:30:50.000+00:00
101,47.0,7.0,945.0,327.0,V2X,2024-10-07T16:30:50.000+00:00
101,47.0,8.0,946.0,324.0,V2X,2024-10-07T16:30:50.000+00:00
101,47.0,9.0,945.0,327.0,V2X,2024-10-07T16:30:50.000+00:00
101,47.0,10.0,944.0,331.0,V2X,2024-10-07T16:30:50.000+00:00
101,47.0,11.0,4719.0,1651.0,V2X,2024-10-07T16:30:50.000+00:00
101,47.0,12.0,4716.0,1661.0,V2X,2024-10-07T16:30:50.000+00:00
101,47.0,13.0,4715.0,1663.0,V2X,2024-10-07T16:30:50.000+00:00
101,47.0,14.0,4712.0,1671.0,V2X,2024-10-07T16:30:50.000+00:00
101,47.0,15.0,4700.0,1705.0,V2X,2024-10-07T16:30:50.000+00:00
101,47.0,16.0,4685.0,1747.0,V2X,2024-10-07T16:30:50.000+00:00
101,47.0,17.0,4675.0,1772.0,V2X,2024-10-07T16:30:50.000+00:00
101,47.0,18.0,4675.0,1772.0,V2X,2024-10-07T16:30:50.000+00:00
101,47.0,19.0,4675.0,1773.0,V2X,2024-10-07T16:30:50.000+00:00
101,47.0,20.0,4675.0,1773.0,V2X,2024-10-07T16:30:50.000+00:00
101,47.0,21.0,4676.0,1770.0,V2X,2024-10-07T16:30:50.000+00:00
101,47.0,22.0,800.0,303.0,V2X,2024-10-07T16:30:50.000+00:00
101,48.0,0.0,2677.0,477.0,V2X,2024-10-07T16:30:50.000+00:00
101,48.0,1.0,946.0,325.0,V2X,2024-10-07T16:30:50.000+00:00
101,48.0,2.0,946.0,325.0,V2X,2024-10-07T16:30:50.000+00:00
101,48.0,3.0,946.0,325.0,V2X,2024-10-07T16:30:50.000+00:00
101,48.0,4.0,946.0,325.0,V2X,2024-10-07T16:30:50.000+00:00
101,48.0,5.0,946.0,325.0,V2X,2024-10-07T16:30:50.000+00:00
101,48.0,6.0,946.0,325.0,V2X,2024-10-07T16:30:50.000+00:00
101,48.0,7.0,947.0,323.0,V2X,2024-10-07T16:30:50.000+00:00
101,48.0,8.0,947.0,322.0,V2X,2024-10-07T16:30:50.000+00:00
101,48.0,9.0,943.0,333.0,V2X,2024-10-07T16:30:50.000+00:00
101,48.0,10.0,939.0,344.0,V2X,2024-10-07T16:30:50.000+00:00
101,48.0,11.0,4714.0,1666.0,V2X,2024-10-07T16:30:50.000+00:00
101,48.0,12.0,4718.0,1657.0,V2X,2024-10-07T16:30:50.000+00:00
101,48.0,13.0,4714.0,1666.0,V2X,2024-10-07T16:30:50.000+00:00
101,48.0,14.0,4711.0,1675.0,V2X,2024-10-07T16:30:50.000+00:00
101,48.0,15.0,4698.0,1711.0,V2X,2024-10-07T16:30:50.000+00:00
101,48.0,16.0,4685.0,1747.0,V2X,2024-10-07T16:30:50.000+00:00
101,48.0,17.0,4675.0,1772.0,V2X,2024-10-07T16:30:50.000+00:00
101,48.0,18.0,4675.0,1772.0,V2X,2024-10-07T16:30:50.000+00:00
101,48.0,19.0,4675.0,1773.0,V2X,2024-10-07T16:30:50.000+00:00
101,48.0,20.0,4675.0,1773.0,V2X,2024-10-07T16:30:50.000+00:00
101,48.0,21.0,4676.0,1770.0,V2X,2024-10-07T16:30:50.000+00:00
101,48.0,22.0,819.0,310.0,V2X,2024-10-07T16:30:50.000+00:00
101,49.0,0.0,2784.0,145.0,V2X,2024-10-07T16:30:50.000+00:00
101,49.0,1.0,946.0,325.0,V2X,2024-10-07T16:30:50.000+00:00
101,49.0,2.0,946.0,325.0,V2X,2024-10-07T16:30:50.000+00:00
101,49.0,3.0,946.0,325.0,V2X,2024-10-07T16:30:50.000+00:00
101,49.0,4.0,946.0,324.0,V2X,2024-10-07T16:30:50.000+00:00
101,49.0,5.0,951.0,310.0,V2X,2024-10-07T16:30:50.000+00:00
101,49.0,6.0,951.0,310.0,V2X,2024-10-07T16:30:50.000+00:00
101,49.0,7.0,949.0,314.0,V2X,2024-10-07T16:30:50.000+00:00
101,49.0,8.0,948.0,319.0,V2X,2024-10-07T16:30:50.000+00:00
101,49.0,9.0,959.0,275.0,V2X,2024-10-07T16:30:50.000+00:00
101,49.0,10.0,985.0,174.0,V2X,2024-10-07T16:30:50.000+00:00
101,49.0,11.0,4730.0,1584.0,V2X,2024-10-07T16:30:50.000+00:00
101,49.0,12.0,4670.0,1781.0,V2X,2024-10-07T16:30:50.000+00:00
101,49.0,13.0,4712.0,1672.0,V2X,2024-10-07T16:30:50.000+00:00
101,49.0,14.0,4712.0,1672.0,V2X,2024-10-07T16:30:50.000+00:00
101,49.0,15.0,4712.0,1672.0,V2X,2024-10-07T16:30:50.000+00:00
101,49.0,16.0,476.0,169.0,V2X,2024-10-07T16:30:50.000+00:00
101,50.0,0.0,3275.0,-409.0,V2X,2024-10-07T16:30:50.000+00:00
101,50.0,1.0,728.0,625.0,V2X,2024-10-07T16:30:50.000+00:00
101,50.0,2.0,947.0,321.0,V2X,2024-10-07T16:30:50.000+00:00
101,50.0,3.0,947.0,321.0,V2X,2024-10-07T16:30:50.000+00:00
101,50.0,4.0,949.0,316.0,V2X,2024-10-07T16:30:50.000+00:00
101,50.0,5.0,952.0,305.0,V2X,2024-10-07T16:30:50.000+00:00
101,50.0,6.0,952.0,305.0,V2X,2024-10-07T16:30:50.000+00:00
101,50.0,7.0,953.0,303.0,V2X,2024-10-07T16:30:50.000+00:00
101,50.0,8.0,954.0,301.0,V2X,2024-10-07T16:30:50.000+00:00
101,50.0,9.0,494.0,156.0,V2X,2024-10-07T16:30:50.000+00:00
101,61.0,0.0,3221.0,-891.0,V2X,2024-10-07T16:30:50.000+00:00
101,61.0,1.0,633.0,-765.0,V2X,2024-10-07T16:30:50.000+00:00
101,61.0,2.0,677.0,-736.0,V2X,2024-10-07T16:30:50.000+00:00
101,61.0,3.0,677.0,-736.0,V2X,2024-10-07T16:30:50.000+00:00
101,61.0,4.0,677.0,-736.0,V2X,2024-10-07T16:30:50.000+00:00
101,61.0,5.0,677.0,-736.0,V2X,2024-10-07T16:30:50.000+00:00
101,61.0,6.0,748.0,-650.0,V2X,2024-10-07T16:30:50.000+00:00
101,61.0,7.0,697.0,-711.0,V2X,2024-10-07T16:30:50.000+00:00
101,61.0,8.0,674.0,-739.0,V2X,2024-10-07T16:30:50.000+00:00
101,61.0,9.0,656.0,-755.0,V2X,2024-10-07T16:30:50.000+00:00
101,61.0,10.0,654.0,-756.0,V2X,2024-10-07T16:30:50.000+00:00
101,61.0,11.0,403.0,-466.0,V2X,2024-10-07T16:30:50.000+00:00
101,62.0,0.0,2140.0,-396.0,V2X,2024-10-07T16:30:50.000+00:00
101,62.0,1.0,691.0,-723.0,V2X,2024-10-07T16:30:50.000+00:00
101,62.0,2.0,691.0,-723.0,V2X,2024-10-07T16:30:50.000+00:00
101,62.0,3.0,691.0,-723.0,V2X,2024-10-07T16:30:50.000+00:00
101,62.0,4.0,687.0,-726.0,V2X,2024-10-07T16:30:50.000+00:00
101,62.0,5.0,681.0,-733.0,V2X,2024-10-07T16:30:50.000+00:00
101,62.0,6.0,681.0,-733.0,V2X,2024-10-07T16:30:50.000+00:00
101,62.0,7.0,685.0,-728.0,V2X,2024-10-07T16:30:50.000+00:00
101,62.0,8.0,688.0,-725.0,V2X,2024-10-07T16:30:50.000+00:00
101,62.0,9.0,688.0,-725.0,V2X,2024-10-07T16:30:50.000+00:00
101,62.0,10.0,688.0,-725.0,V2X,2024-10-07T16:30:50.000+00:00
101,62.0,11.0,1121.0,-1220.0,V2X,2024-10-07T16:30:50.000+00:00
101,63.0,0.0,1835.0,-514.0,V2X,2024-10-07T16:30:50.000+00:00
101,63.0,1.0,691.0,-723.0,V2X,2024-10-07T16:30:50.000+00:00
101,63.0,2.0,691.0,-723.0,V2X,2024-10-07T16:30:50.000+00:00
101,63.0,3.0,691.0,-723.0,V2X,2024-10-07T16:30:50.000+00:00
101,63.0,4.0,689.0,-725.0,V2X,2024-10-07T16:30:50.000+00:00
101,63.0,5.0,681.0,-733.0,V2X,2024-10-07T16:30:50.000+00:00
101,63.0,6.0,681.0,-733.0,V2X,2024-10-07T16:30:50.000+00:00
101,63.0,7.0,685.0,-729.0,V2X,2024-10-07T16:30:50.000+00:00
101,63.0,8.0,689.0,-725.0,V2X,2024-10-07T16:30:50.000+00:00
101,63.0,9.0,689.0,-725.0,V2X,2024-10-07T16:30:50.000+00:00
101,63.0,10.0,689.0,-725.0,V2X,2024-10-07T16:30:50.000+00:00
101,63.0,11.0,1186.0,-1287.0,V2X,2024-10-07T16:30:50.000+00:00
101,64.0,0.0,1530.0,-633.0,V2X,2024-10-07T16:30:50.000+00:00
101,64.0,1.0,691.0,-723.0,V2X,2024-10-07T16:30:50.000+00:00
101,64.0,2.0,691.0,-723.0,V2X,2024-10-07T16:30:50.000+00:00
101,64.0,3.0,691.0,-723.0,V2X,2024-10-07T16:30:50.000+00:00
101,64.0,4.0,690.0,-724.0,V2X,2024-10-07T16:30:50.000+00:00
101,64.0,5.0,681.0,-733.0,V2X,2024-10-07T16:30:50.000+00:00
101,64.0,6.0,681.0,-733.0,V2X,2024-10-07T16:30:50.000+00:00
101,64.0,7.0,684.0,-730.0,V2X,2024-10-07T16:30:50.000+00:00
101,64.0,8.0,689.0,-725.0,V2X,2024-10-07T16:30:50.000+00:00
101,64.0,9.0,689.0,-725.0,V2X,2024-10-07T16:30:50.000+00:00
101,64.0,10.0,689.0,-725.0,V2X,2024-10-07T16:30:50.000+00:00
101,64.0,11.0,1251.0,-1354.0,V2X,2024-10-07T16:30:50.000+00:00
101,65.0,0.0,1227.0,-751.0,V2X,2024-10-07T16:30:50.000+00:00
101,65.0,1.0,691.0,-723.0,V2X,2024-10-07T16:30:50.000+00:00
101,65.0,2.0,691.0,-723.0,V2X,2024-10-07T16:30:50.000+00:00
101,65.0,3.0,691.0,-723.0,V2X,2024-10-07T16:30:50.000+00:00
101,65.0,4.0,691.0,-723.0,V2X,2024-10-07T16:30:50.000+00:00
101,65.0,5.0,681.0,-732.0,V2X,2024-10-07T16:30:50.000+00:00
101,65.0,6.0,681.0,-733.0,V2X,2024-10-07T16:30:50.000+00:00
101,65.0,7.0,683.0,-731.0,V2X,2024-10-07T16:30:50.000+00:00
101,65.0,8.0,689.0,-725.0,V2X,2024-10-07T16:30:50.000+00:00
101,65.0,9.0,689.0,-725.0,V2X,2024-10-07T16:30:50.000+00:00
101,65.0,10.0,689.0,-725.0,V2X,2024-10-07T16:30:50.000+00:00
101,65.0,11.0,1316.0,-1421.0,V2X,2024-10-07T16:30:50.000+00:00
101,66.0,0.0,142.0,-1669.0,V2X,2024-10-07T16:30:50.000+00:00
101,66.0,1.0,700.0,-714.0,V2X,2024-10-07T16:30:50.000+00:00
101,66.0,2.0,699.0,-715.0,V2X,2024-10-07T16:30:50.000+00:00
101,66.0,3.0,693.0,-721.0,V2X,2024-10-07T16:30:50.000+00:00
101,66.0,4.0,693.0,-721.0,V2X,2024-10-07T16:30:50.000+00:00
101,66.0,5.0,693.0,-721.0,V2X,2024-10-07T16:30:50.000+00:00
101,66.0,6.0,692.0,-722.0,V2X,2024-10-07T16:30:50.000+00:00
101,66.0,7.0,691.0,-723.0,V2X,2024-10-07T16:30:50.000+00:00
101,66.0,8.0,691.0,-723.0,V2X,2024-10-07T16:30:50.000+00:00
101,66.0,9.0,677.0,-735.0,V2X,2024-10-07T16:30:50.000+00:00
101,66.0,10.0,651.0,-759.0,V2X,2024-10-07T16:30:50.000+00:00
101,66.0,11.0,922.0,-1123.0,V2X,2024-10-07T16:30:50.000+00:00
101,67.0,0.0,-84.0,-1875.0,V2X,2024-10-07T16:30:50.000+00:00
101,67.0,1.0,700.0,-714.0,V2X,2024-10-07T16:30:50.000+00:00
101,67.0,2.0,699.0,-715.0,V2X,2024-10-07T16:30:50.000+00:00
101,67.0,3.0,693.0,-720.0,V2X,2024-10-07T16:30:50.000+00:00
101,67.0,4.0,693.0,-720.0,V2X,2024-10-07T16:30:50.000+00:00
101,67.0,5.0,693.0,-720.0,V2X,2024-10-07T16:30:50.000+00:00
101,67.0,6.0,692.0,-721.0,V2X,2024-10-07T16:30:50.000+00:00
101,67.0,7.0,692.0,-722.0,V2X,2024-10-07T16:30:50.000+00:00
101,67.0,8.0,692.0,-722.0,V2X,2024-10-07T16:30:50.000+00:00
101,67.0,9.0,668.0,-744.0,V2X,2024-10-07T16:30:50.000+00:00
101,67.0,10.0,655.0,-755.0,V2X,2024-10-07T16:30:50.000+00:00
101,67.0,11.0,907.0,-1107.0,V2X,2024-10-07T16:30:50.000+00:00
101,68.0,0.0,-308.0,-2078.0,V2X,2024-10-07T16:30:50.000+00:00
101,68.0,1.0,700.0,-714.0,V2X,2024-10-07T16:30:50.000+00:00
101,68.0,2.0,699.0,-715.0,V2X,2024-10-07T16:30:50.000+00:00
101,68.0,3.0,693.0,-720.0,V2X,2024-10-07T16:30:50.000+00:00
101,68.0,4.0,693.0,-720.0,V2X,2024-10-07T16:30:50.000+00:00
101,68.0,5.0,693.0,-720.0,V2X,2024-10-07T16:30:50.000+00:00
101,68.0,6.0,694.0,-720.0,V2X,2024-10-07T16:30:50.000+00:00
101,68.0,7.0,695.0,-719.0,V2X,2024-10-07T16:30:50.000+00:00
101,68.0,8.0,688.0,-726.0,V2X,2024-10-07T16:30:50.000+00:00
101,68.0,9.0,672.0,-740.0,V2X,2024-10-07T16:30:50.000+00:00
101,68.0,10.0,648.0,-762.0,V2X,2024-10-07T16:30:50.000+00:00
101,68.0,11.0,898.0,-1088.0,V2X,2024-10-07T16:30:50.000+00:00
101,69.0,0.0,-528.0,-2278.0,V2X,2024-10-07T16:30:50.000+00:00
101,69.0,1.0,700.0,-714.0,V2X,2024-10-07T16:30:50.000+00:00
101,69.0,2.0,699.0,-715.0,V2X,2024-10-07T16:30:50.000+00:00
101,69.0,3.0,693.0,-721.0,V2X,2024-10-07T16:30:50.000+00:00
101,69.0,4.0,693.0,-721.0,V2X,2024-10-07T16:30:50.000+00:00
101,69.0,5.0,693.0,-721.0,V2X,2024-10-07T16:30:50.000+00:00
101,69.0,6.0,692.0,-722.0,V2X,2024-10-07T16:30:50.000+00:00
101,69.0,7.0,692.0,-722.0,V2X,2024-10-07T16:30:50.000+00:00
101,69.0,8.0,692.0,-722.0,V2X,2024-10-07T16:30:50.000+00:00
101,69.0,9.0,675.0,-737.0,V2X,2024-10-07T16:30:50.000+00:00
101,69.0,10.0,642.0,-766.0,V2X,2024-10-07T16:30:50.000+00:00
101,69.0,11.0,888.0,-1069.0,V2X,2024-10-07T16:30:50.000+00:00
1014,1.0,0.0,231.0,-2088.0,V2X,2024-10-07T16:30:50.000+00:00
1014,1.0,1.0,-286.0,-958.0,V2X,2024-10-07T16:30:54.000+00:00
1014,1.0,2.0,-288.0,-957.0,V2X,2024-10-07T16:30:54.000+00:00
1014,1.0,3.0,-292.0,-956.0,V2X,2024-10-07T16:30:54.000+00:00
1014,1.0,4.0,-292.0,-956.0,V2X,2024-10-07T16:30:54.000+00:00
1014,1.0,5.0,-293.0,-956.0,V2X,2024-10-07T16:30:54.000+00:00
1014,1.0,6.0,-292.0,-956.0,V2X,2024-10-07T16:30:54.000+00:00
1014,1.0,7.0,-287.0,-958.0,V2X,2024-10-07T16:30:54.000+00:00
1014,1.0,8.0,-104.0,-347.0,V2X,2024-10-07T16:30:54.000+00:00
1014,2.0,0.0,-87.0,-2063.0,V2X,2024-10-07T16:30:54.000+00:00
1014,2.0,1.0,-286.0,-958.0,V2X,2024-10-07T16:30:54.000+00:00
1014,2.0,2.0,-289.0,-957.0,V2X,2024-10-07T16:30:54.000+00:00
1014,2.0,3.0,-292.0,-956.0,V2X,2024-10-07T16:30:54.000+00:00
1014,2.0,4.0,-292.0,-956.0,V2X,2024-10-07T16:30:54.000+00:00
1014,2.0,5.0,-293.0,-956.0,V2X,2024-10-07T16:30:54.000+00:00
1014,2.0,6.0,-292.0,-956.0,V2X,2024-10-07T16:30:54.000+00:00
1014,2.0,7.0,-287.0,-958.0,V2X,2024-10-07T16:30:54.000+00:00
1014,2.0,8.0,-84.0,-279.0,V2X,2024-10-07T16:30:54.000+00:00
1014,3.0,0.0,-329.0,-1699.0,V2X,2024-10-07T16:30:54.000+00:00
1014,3.0,1.0,-294.0,-956.0,V2X,2024-10-07T16:30:54.000+00:00
1014,3.0,2.0,-293.0,-956.0,V2X,2024-10-07T16:30:54.000+00:00
1014,3.0,3.0,-292.0,-956.0,V2X,2024-10-07T16:30:54.000+00:00
1014,3.0,4.0,-292.0,-956.0,V2X,2024-10-07T16:30:54.000+00:00
1014,3.0,5.0,-293.0,-956.0,V2X,2024-10-07T16:30:54.000+00:00
1014,3.0,6.0,-293.0,-956.0,V2X,2024-10-07T16:30:54.000+00:00
1014,3.0,7.0,-288.0,-958.0,V2X,2024-10-07T16:30:54.000+00:00
1014,3.0,8.0,-162.0,-541.0,V2X,2024-10-07T16:30:54.000+00:00
1014,4.0,0.0,-1276.0,-1565.0,V2X,2024-10-07T16:30:50.000+00:00
1014,4.0,1.0,-294.0,-956.0,V2X,2024-10-07T16:30:50.000+00:00
1014,4.0,2.0,-293.0,-956.0,V2X,2024-10-07T16:30:50.000+00:00
1014,4.0,3.0,-292.0,-956.0,V2X,2024-10-07T16:30:50.000+00:00
1014,4.0,4.0,-292.0,-956.0,V2X,2024-10-07T16:30:50.000+00:00
1014,4.0,5.0,-293.0,-956.0,V2X,2024-10-07T16:30:50.000+00:00
1014,4.0,6.0,-293.0,-956.0,V2X,2024-10-07T16:30:50.000+00:00
1014,4.0,7.0,-287.0,-958.0,V2X,2024-10-07T16:30:50.000+00:00
1014,4.0,8.0,-117.0,-391.0,V2X,2024-10-07T16:30:50.000+00:00
1014,21.0,0.0,-2404.0,-570.0,V2X,2024-10-07T16:30:54.000+00:00
1014,21.0,1.0,-1000.0,30.0,V2X,2024-10-07T16:30:54.000+00:00
1014,21.0,2.0,-1000.0,30.0,V2X,2024-10-07T16:30:54.000+00:00
1014,21.0,3.0,-1000.0,30.0,V2X,2024-10-07T16:30:54.000+00:00
1014,21.0,4.0,-1000.0,30.0,V2X,2024-10-07T16:30:54.000+00:00
1014,21.0,5.0,-1000.0,26.0,V2X,2024-10-07T16:30:54.000+00:00
1014,21.0,6.0,-1000.0,24.0,V2X,2024-10-07T16:30:54.000+00:00
1014,21.0,7.0,-999.0,39.0,V2X,2024-10-07T16:30:54.000+00:00
1014,21.0,8.0,-1000.0,30.0,V2X,2024-10-07T16:30:54.000+00:00
1014,21.0,9.0,-1000.0,28.0,V2X,2024-10-07T16:30:54.000+00:00
1014,21.0,10.0,-1000.0,28.0,V2X,2024-10-07T16:30:54.000+00:00
1014,21.0,11.0,-4998.0,144.0,V2X,2024-10-07T16:30:54.000+00:00
1014,21.0,12.0,-4999.0,69.0,V2X,2024-10-07T16:30:54.000+00:00
1014,21.0,13.0,-1956.0,1.0,V2X,2024-10-07T16:30:54.000+00:00
1014,22.0,0.0,-2338.0,-263.0,V2X,2024-10-07T16:30:54.000+00:00
1014,22.0,1.0,-1000.0,27.0,V2X,2024-10-07T16:30:54.000+00:00
1014,22.0,2.0,-1000.0,27.0,V2X,2024-10-07T16:30:54.000+00:00
1014,22.0,3.0,-1000.0,30.0,V2X,2024-10-07T16:30:54.000+00:00
1014,22.0,4.0,-1000.0,30.0,V2X,2024-10-07T16:30:54.000+00:00
1014,22.0,5.0,-1000.0,28.0,V2X,2024-10-07T16:30:54.000+00:00
1014,22.0,6.0,-1000.0,27.0,V2X,2024-10-07T16:30:54.000+00:00
1014,22.0,7.0,-999.0,31.0,V2X,2024-10-07T16:30:54.000+00:00
1014,22.0,8.0,-1000.0,31.0,V2X,2024-10-07T16:30:54.000+00:00
1014,22.0,9.0,-1000.0,29.0,V2X,2024-10-07T16:30:54.000+00:00
1014,22.0,10.0,-1000.0,29.0,V2X,2024-10-07T16:30:54.000+00:00
1014,22.0,11.0,-4998.0,154.0,V2X,2024-10-07T16:30:54.000+00:00
1014,22.0,12.0,-4999.0,89.0,V2X,2024-10-07T16:30:54.000+00:00
1014,22.0,13.0,-2008.0,17.0,V2X,2024-10-07T16:30:54.000+00:00
1014,23.0,0.0,-2273.0,38.0,V2X,2024-10-07T16:30:54.000+00:00
1014,23.0,1.0,-1000.0,25.0,V2X,2024-10-07T16:30:54.000+00:00
1014,23.0,2.0,-1000.0,25.0,V2X,2024-10-07T16:30:54.000+00:00
1014,23.0,3.0,-1000.0,30.0,V2X,2024-10-07T16:30:54.000+00:00
1014,23.0,4.0,-1000.0,30.0,V2X,2024-10-07T16:30:54.000+00:00
1014,23.0,5.0,-1000.0,28.0,V2X,2024-10-07T16:30:54.000+00:00
1014,23.0,6.0,-1000.0,27.0,V2X,2024-10-07T16:30:54.000+00:00
1014,23.0,7.0,-1000.0,31.0,V2X,2024-10-07T16:30:54.000+00:00
1014,23.0,8.0,-1000.0,31.0,V2X,2024-10-07T16:30:54.000+00:00
1014,23.0,9.0,-1000.0,29.0,V2X,2024-10-07T16:30:54.000+00:00
