itstId,laneId,laneCnncId,signlPermMuvrNm,signlgroupCd,rgtrId,regDt
1,2.0,45.0,maneuverStraightAllowed,40,V2X,2024-10-07T16:31:03.000+00:00
1,3.0,44.0,maneuverStraightAllowed,40,V2X,2024-10-07T16:31:03.000+00:00
1,4.0,23.0,maneuverLeftAllowed,40,V2X,2024-10-07T16:31:03.000+00:00
1,21.0,8.0,maneuverRightAllowed,50,V2X,2024-10-07T16:31:03.000+00:00
1,22.0,44.0,maneuverLeftAllowed,50,V2X,2024-10-07T16:31:03.000+00:00
1,41.0,7.0,maneuverStraightAllowed,20,V2X,2024-10-07T16:31:03.000+00:00
1,41.0,24.0,maneuverRightAllowed,20,V2X,2024-10-07T16:31:03.000+00:00
1,42.0,6.0,maneuverStraightAllowed,20,V2X,2024-10-07T16:31:03.000+00:00
1,43.0,5.0,maneuverStraightAllowed,20,V2X,2024-10-07T16:31:03.000+00:00
10,1.0,64.0,maneuverRightAllowed,30,V2X,2024-10-07T16:31:03.000+00:00
10,2.0,46.0,maneuverStraightAllowed,30,V2X,2024-10-07T16:31:03.000+00:00
10,3.0,45.0,maneuverStraightAllowed,30,V2X,2024-10-07T16:31:03.000+00:00
10,4.0,23.0,maneuverLeftAllowed,30,V2X,2024-10-07T16:31:03.000+00:00
10,21.0,7.0,maneuverRightAllowed,40,V2X,2024-10-07T16:31:03.000+00:00
10,21.0,64.0,maneuverStraightAllowed,40,V2X,2024-10-07T16:31:03.000+00:00
10,22.0,44.0,maneuverLeftAllowed,40,V2X,2024-10-07T16:31:03.000+00:00
10,22.0,63.0,maneuverStraightAllowed,40,V2X,2024-10-07T16:31:03.000+00:00
10,41.0,7.0,maneuverStraightAllowed,10,V2X,2024-10-07T16:31:03.000+00:00
10,41.0,24.0,maneuverRightAllowed,10,V2X,2024-10-07T16:31:03.000+00:00
10,42.0,6.0,maneuverStraightAllowed,10,V2X,2024-10-07T16:31:03.000+00:00
10,43.0,63.0,maneuverLeftAllowed,10,V2X,2024-10-07T16:31:03.000+00:00
10,61.0,24.0,maneuverStraightAllowed,20,V2X,2024-10-07T16:31:03.000+00:00
10,61.0,46.0,maneuverRightAllowed,20,V2X,2024-10-07T16:31:03.000+00:00
10,62.0,5.0,maneuverLeftAllowed,20,V2X,2024-10-07T16:31:03.000+00:00
10,62.0,23.0,maneuverStraightAllowed,20,V2X,2024-10-07T16:31:03.000+00:00
1007,1.0,44.0,maneuverStraightAllowed,40,V2X,2024-10-07T16:31:04.000+00:00
1007,2.0,43.0,maneuverStraightAllowed,40,V2X,2024-10-07T16:31:04.000+00:00
1007,3.0,22.0,maneuverLeftAllowed,40,V2X,2024-10-07T16:31:04.000+00:00
1007,21.0,5.0,maneuverRightAllowed,10,V2X,2024-10-07T16:31:04.000+00:00
1007,21.0,43.0,maneuverLeftAllowed,10,V2X,2024-10-07T16:31:04.000+00:00
1007,41.0,5.0,maneuverStraightAllowed,20,V2X,2024-10-07T16:31:04.000+00:00
1007,41.0,22.0,maneuverRightAllowed,20,V2X,2024-10-07T16:31:04.000+00:00
1007,42.0,4.0,maneuverStraightAllowed,20,V2X,2024-10-07T16:31:04.000+00:00
101,1.0,49.0,maneuverStraightAllowed,40,V2X,2024-10-07T16:31:04.000+00:00
101,1.0,69.0,maneuverRightAllowed,40,V2X,2024-10-07T16:31:04.000+00:00
101,2.0,48.0,maneuverStraightAllowed,40,V2X,2024-10-07T16:31:04.000+00:00
101,3.0,47.0,maneuverStraightAllowed,40,V2X,2024-10-07T16:31:04.000+00:00
101,4.0,7.0,maneuverUTurnAllowed,40,V2X,2024-10-07T16:31:04.000+00:00
101,4.0,27.0,maneuverLeftAllowed,40,V2X,2024-10-07T16:31:04.000+00:00
101,21.0,8.0,maneuverRightAllowed,80,V2X,2024-10-07T16:31:04.000+00:00
101,22.0,68.0,maneuverStraightAllowed,80,V2X,2024-10-07T16:31:04.000+00:00
101,23.0,67.0,maneuverStraightAllowed,80,V2X,2024-10-07T16:31:04.000+00:00
101,24.0,66.0,maneuverStraightAllowed,80,V2X,2024-10-07T16:31:04.000+00:00
101,25.0,47.0,maneuverLeftAllowed,80,V2X,2024-10-07T16:31:04.000+00:00
101,26.0,29.0,maneuverUTurnAllowed,80,V2X,2024-10-07T16:31:04.000+00:00
101,26.0,46.0,maneuverLeftAllowed,80,V2X,2024-10-07T16:31:04.000+00:00
101,41.0,29.0,maneuverRightAllowed,20,V2X,2024-10-07T16:31:04.000+00:00
101,42.0,7.0,maneuverStraightAllowed,20,V2X,2024-10-07T16:31:04.000+00:00
101,43.0,6.0,maneuverStraightAllowed,20,V2X,2024-10-07T16:31:04.000+00:00
101,44.0,5.0,maneuverStraightAllowed,20,V2X,2024-10-07T16:31:04.000+00:00
101,44.0,67.0,maneuverLeftAllowed,20,V2X,2024-10-07T16:31:04.000+00:00
101,45.0,48.0,maneuverUTurnAllowed,20,V2X,2024-10-07T16:31:04.000+00:00
101,45.0,66.0,maneuverLeftAllowed,20,V2X,2024-10-07T16:31:04.000+00:00
101,61.0,50.0,maneuverRightAllowed,60,V2X,2024-10-07T16:31:04.000+00:00
101,62.0,29.0,maneuverStraightAllowed,60,V2X,2024-10-07T16:31:04.000+00:00
101,63.0,28.0,maneuverStraightAllowed,60,V2X,2024-10-07T16:31:04.000+00:00
101,64.0,27.0,maneuverStraightAllowed,60,V2X,2024-10-07T16:31:04.000+00:00
101,65.0,5.0,maneuverLeftAllowed,60,V2X,2024-10-07T16:31:04.000+00:00
1014,1.0,44.0,maneuverStraightAllowed,30,V2X,2024-10-07T16:31:04.000+00:00
1014,1.0,65.0,maneuverRightAllowed,30,V2X,2024-10-07T16:31:04.000+00:00
1014,2.0,24.0,maneuverLeftAllowed,30,V2X,2024-10-07T16:31:04.000+00:00
1014,2.0,43.0,maneuverStraightAllowed,30,V2X,2024-10-07T16:31:04.000+00:00
1014,21.0,4.0,maneuverRightAllowed,40,V2X,2024-10-07T16:31:04.000+00:00
1014,21.0,65.0,maneuverStraightAllowed,40,V2X,2024-10-07T16:31:04.000+00:00
1014,22.0,64.0,maneuverStraightAllowed,40,V2X,2024-10-07T16:31:04.000+00:00
1014,23.0,43.0,maneuverLeftAllowed,40,V2X,2024-10-07T16:31:04.000+00:00
1014,41.0,4.0,maneuverStraightAllowed,10,V2X,2024-10-07T16:31:04.000+00:00
1014,41.0,25.0,maneuverRightAllowed,10,V2X,2024-10-07T16:31:04.000+00:00
1014,42.0,3.0,maneuverStraightAllowed,10,V2X,2024-10-07T16:31:04.000+00:00
1014,42.0,64.0,maneuverLeftAllowed,10,V2X,2024-10-07T16:31:04.000+00:00
1014,61.0,25.0,maneuverStraightAllowed,20,V2X,2024-10-07T16:31:04.000+00:00
1014,61.0,44.0,maneuverRightAllowed,20,V2X,2024-10-07T16:31:04.000+00:00
1014,62.0,24.0,maneuverStraightAllowed,20,V2X,2024-10-07T16:31:04.000+00:00
1014,63.0,3.0,maneuverLeftAllowed,20,V2X,2024-10-07T16:31:04.000+00:00
1015,1.0,31.0,maneuverStraightAllowed,30,V2X,2024-10-07T16:31:04.000+00:00
1015,2.0,30.0,maneuverStraightAllowed,30,V2X,2024-10-07T16:31:04.000+00:00
1015,3.0,29.0,maneuverStraightAllowed,30,V2X,2024-10-07T16:31:04.000+00:00
1015,4.0,28.0,maneuverStraightAllowed,30,V2X,2024-10-07T16:31:04.000+00:00
1015,5.0,27.0,maneuverStraightAllowed,30,V2X,2024-10-07T16:31:04.000+00:00
1015,21.0,11.0,maneuverStraightAllowed,10,V2X,2024-10-07T16:31:04.000+00:00
1015,22.0,10.0,maneuverStraightAllowed,10,V2X,2024-10-07T16:31:04.000+00:00
1015,23.0,9.0,maneuverStraightAllowed,10,V2X,2024-10-07T16:31:04.000+00:00
1015,24.0,8.0,maneuverStraightAllowed,10,V2X,2024-10-07T16:31:04.000+00:00
1015,25.0,7.0,maneuverStraightAllowed,10,V2X,2024-10-07T16:31:04.000+00:00
1016,1.0,63.0,maneuverRightAllowed,30,V2X,2024-10-07T16:31:04.000+00:00
1016,2.0,47.0,maneuverStraightAllowed,30,V2X,2024-10-07T16:31:04.000+00:00
1016,3.0,46.0,maneuverStraightAllowed,30,V2X,2024-10-07T16:31:04.000+00:00
1016,4.0,22.0,maneuverLeftAllowed,30,V2X,2024-10-07T16:31:04.000+00:00
1016,21.0,7.0,maneuverRightAllowed,40,V2X,2024-10-07T16:31:04.000+00:00
1016,21.0,46.0,maneuverLeftAllowed,40,V2X,2024-10-07T16:31:04.000+00:00
1016,21.0,63.0,maneuverStraightAllowed,40,V2X,2024-10-07T16:31:04.000+00:00
1016,41.0,22.0,maneuverRightAllowed,10,V2X,2024-10-07T16:31:05.000+00:00
1016,42.0,7.0,maneuverStraightAllowed,10,V2X,2024-10-07T16:31:05.000+00:00
1016,43.0,6.0,maneuverStraightAllowed,10,V2X,2024-10-07T16:31:05.000+00:00
1016,44.0,5.0,maneuverStraightAllowed,10,V2X,2024-10-07T16:31:05.000+00:00
1016,45.0,63.0,maneuverLeftAllowed,10,V2X,2024-10-07T16:31:05.000+00:00
1016,61.0,48.0,maneuverRightAllowed,20,V2X,2024-10-07T16:31:05.000+00:00
1016,62.0,5.0,maneuverLeftAllowed,20,V2X,2024-10-07T16:31:05.000+00:00
1016,62.0,22.0,maneuverStraightAllowed,20,V2X,2024-10-07T16:31:05.000+00:00
1017,1.0,23.0,maneuverLeftAllowed,30,V2X,2024-10-07T16:31:05.000+00:00
1017,1.0,42.0,maneuverStraightAllowed,30,V2X,2024-10-07T16:31:05.000+00:00
1017,1.0,63.0,maneuverRightAllowed,30,V2X,2024-10-07T16:31:05.000+00:00
1017,21.0,2.0,maneuverRightAllowed,40,V2X,2024-10-07T16:31:05.000+00:00
1017,21.0,63.0,maneuverStraightAllowed,40,V2X,2024-10-07T16:31:05.000+00:00
1017,22.0,42.0,maneuverLeftAllowed,40,V2X,2024-10-07T16:31:05.000+00:00
1017,41.0,2.0,maneuverStraightAllowed,10,V2X,2024-10-07T16:31:05.000+00:00
1017,41.0,23.0,maneuverRightAllowed,10,V2X,2024-10-07T16:31:05.000+00:00
1017,41.0,63.0,maneuverLeftAllowed,10,V2X,2024-10-07T16:31:05.000+00:00
1017,61.0,23.0,maneuverStraightAllowed,20,V2X,2024-10-07T16:31:05.000+00:00
1017,61.0,42.0,maneuverRightAllowed,20,V2X,2024-10-07T16:31:05.000+00:00
1017,62.0,2.0,maneuverLeftAllowed,20,V2X,2024-10-07T16:31:05.000+00:00
1029,1.0,48.0,maneuverStraightAllowed,30,V2X,2024-10-07T16:31:05.000+00:00
1029,1.0,68.0,maneuverRightAllowed,30,V2X,2024-10-07T16:31:05.000+00:00
1029,2.0,47.0,maneuverStraightAllowed,30,V2X,2024-10-07T16:31:05.000+00:00
1029,3.0,46.0,maneuverStraightAllowed,30,V2X,2024-10-07T16:31:05.000+00:00
1029,4.0,24.0,maneuverLeftAllowed,30,V2X,2024-10-07T16:31:05.000+00:00
1029,21.0,8.0,maneuverRightAllowed,80,V2X,2024-10-07T16:31:05.000+00:00
1029,22.0,67.0,maneuverStraightAllowed,80,V2X,2024-10-07T16:31:05.000+00:00
1029,23.0,46.0,maneuverLeftAllowed,80,V2X,2024-10-07T16:31:05.000+00:00
1029,41.0,8.0,maneuverStraightAllowed,10,V2X,2024-10-07T16:31:05.000+00:00
1029,41.0,25.0,maneuverRightAllowed,10,V2X,2024-10-07T16:31:05.000+00:00
1029,42.0,7.0,maneuverStraightAllowed,10,V2X,2024-10-07T16:31:05.000+00:00
1029,43.0,6.0,maneuverStraightAllowed,10,V2X,2024-10-07T16:31:05.000+00:00
1029,44.0,5.0,maneuverStraightAllowed,10,V2X,2024-10-07T16:31:05.000+00:00
1029,45.0,66.0,maneuverLeftAllowed,10,V2X,2024-10-07T16:31:05.000+00:00
1029,61.0,48.0,maneuverRightAllowed,20,V2X,2024-10-07T16:31:05.000+00:00
1029,62.0,25.0,maneuverStraightAllowed,20,V2X,2024-10-07T16:31:05.000+00:00
1029,63.0,24.0,maneuverStraightAllowed,20,V2X,2024-10-07T16:31:05.000+00:00
1029,64.0,6.0,maneuverLeftAllowed,20,V2X,2024-10-07T16:31:05.000+00:00
1029,65.0,5.0,maneuverLeftAllowed,20,V2X,2024-10-07T16:31:05.000+00:00
1030,1.0,48.0,maneuverStraightAllowed,30,V2X,2024-10-07T16:31:05.000+00:00
1030,1.0,62.0,maneuverRightAllowed,30,V2X,2024-10-07T16:31:05.000+00:00
1030,2.0,47.0,maneuverStraightAllowed,30,V2X,2024-10-07T16:31:05.000+00:00
1030,3.0,46.0,maneuverStraightAllowed,30,V2X,2024-10-07T16:31:05.000+00:00
1030,4.0,22.0,maneuverLeftAllowed,30,V2X,2024-10-07T16:31:05.000+00:00
1030,21.0,8.0,maneuverRightAllowed,40,V2X,2024-10-07T16:31:05.000+00:00
1030,21.0,46.0,maneuverLeftAllowed,40,V2X,2024-10-07T16:31:05.000+00:00
1030,21.0,62.0,maneuverStraightAllowed,40,V2X,2024-10-07T16:31:05.000+00:00
1030,41.0,8.0,maneuverStraightAllowed,10,V2X,2024-10-07T16:31:05.000+00:00
1030,41.0,22.0,maneuverRightAllowed,10,V2X,2024-10-07T16:31:05.000+00:00
1030,42.0,7.0,maneuverStraightAllowed,10,V2X,2024-10-07T16:31:05.000+00:00
1030,43.0,6.0,maneuverStraightAllowed,10,V2X,2024-10-07T16:31:05.000+00:00
1030,44.0,62.0,maneuverLeftAllowed,10,V2X,2024-10-07T16:31:05.000+00:00
1030,61.0,6.0,maneuverLeftAllowed,20,V2X,2024-10-07T16:31:05.000+00:00
1030,61.0,22.0,maneuverStraightAllowed,20,V2X,2024-10-07T16:31:05.000+00:00
1030,61.0,48.0,maneuverRightAllowed,20,V2X,2024-10-07T16:31:05.000+00:00
1031,1.0,47.0,maneuverStraightAllowed,30,V2X,2024-10-07T16:31:05.000+00:00
1031,1.0,64.0,maneuverRightAllowed,30,V2X,2024-10-07T16:31:05.000+00:00
1031,2.0,25.0,maneuverLeftAllowed,30,V2X,2024-10-07T16:31:05.000+00:00
1031,2.0,46.0,maneuverStraightAllowed,30,V2X,2024-10-07T16:31:05.000+00:00
1031,21.0,47.0,maneuverStraightAllowed,70,V2X,2024-10-07T16:31:05.000+00:00
1031,22.0,46.0,maneuverStraightAllowed,70,V2X,2024-10-07T16:31:05.000+00:00
1031,23.0,45.0,maneuverStraightAllowed,70,V2X,2024-10-07T16:31:05.000+00:00
1031,41.0,27.0,maneuverStraightAllowed,10,V2X,2024-10-07T16:31:05.000+00:00
1031,42.0,26.0,maneuverStraightAllowed,10,V2X,2024-10-07T16:31:05.000+00:00
1031,43.0,25.0,maneuverStraightAllowed,10,V2X,2024-10-07T16:31:05.000+00:00
1031,61.0,47.0,maneuverRightAllowed,60,V2X,2024-10-07T16:31:05.000+00:00
1031,62.0,26.0,maneuverLeftAllowed,60,V2X,2024-10-07T16:31:05.000+00:00
1031,63.0,3.0,maneuverLeftAllowed,60,V2X,2024-10-07T16:31:05.000+00:00
1031,63.0,25.0,maneuverLeftAllowed,60,V2X,2024-10-07T16:31:05.000+00:00
1037,1.0,47.0,maneuverStraightAllowed,30,V2X,2024-10-07T16:31:05.000+00:00
1037,2.0,46.0,maneuverStraightAllowed,30,V2X,2024-10-07T16:31:05.000+00:00
1037,3.0,45.0,maneuverStraightAllowed,30,V2X,2024-10-07T16:31:05.000+00:00
1037,4.0,23.0,maneuverLeftAllowed,30,V2X,2024-10-07T16:31:05.000+00:00
1037,21.0,8.0,maneuverRightAllowed,40,V2X,2024-10-07T16:31:05.000+00:00
1037,22.0,44.0,maneuverLeftAllowed,40,V2X,2024-10-07T16:31:05.000+00:00
1037,41.0,8.0,maneuverStraightAllowed,10,V2X,2024-10-07T16:31:05.000+00:00
1037,41.0,24.0,maneuverRightAllowed,10,V2X,2024-10-07T16:31:05.000+00:00
1037,42.0,7.0,maneuverStraightAllowed,10,V2X,2024-10-07T16:31:05.000+00:00
1037,43.0,6.0,maneuverStraightAllowed,10,V2X,2024-10-07T16:31:05.000+00:00
1038,1.0,47.0,maneuverStraightAllowed,40,V2X,2024-10-07T16:31:05.000+00:00
1038,1.0,65.0,maneuverRightAllowed,40,V2X,2024-10-07T16:31:05.000+00:00
1038,1.0,67.0,maneuverRightAllowed,40,V2X,2024-10-07T16:31:05.000+00:00
1038,2.0,46.0,maneuverStraightAllowed,40,V2X,2024-10-07T16:31:05.000+00:00
1038,3.0,45.0,maneuverStraightAllowed,40,V2X,2024-10-07T16:31:05.000+00:00
1038,21.0,6.0,maneuverRightAllowed,10,V2X,2024-10-07T16:31:05.000+00:00
1038,21.0,65.0,maneuverStraightAllowed,10,V2X,2024-10-07T16:31:05.000+00:00
1038,22.0,46.0,maneuverLeftAllowed,10,V2X,2024-10-07T16:31:05.000+00:00
1038,23.0,64.0,maneuverStraightAllowed,10,V2X,2024-10-07T16:31:05.000+00:00
1038,24.0,45.0,maneuverLeftAllowed,10,V2X,2024-10-07T16:31:05.000+00:00
1038,41.0,6.0,maneuverStraightAllowed,20,V2X,2024-10-07T16:31:05.000+00:00
1038,41.0,26.0,maneuverRightAllowed,20,V2X,2024-10-07T16:31:05.000+00:00
1038,42.0,5.0,maneuverStraightAllowed,20,V2X,2024-10-07T16:31:05.000+00:00
1038,43.0,4.0,maneuverStraightAllowed,20,V2X,2024-10-07T16:31:05.000+00:00
1038,44.0,64.0,maneuverLeftAllowed,20,V2X,2024-10-07T16:31:05.000+00:00
1038,61.0,26.0,maneuverStraightAllowed,60,V2X,2024-10-07T16:31:05.000+00:00
1038,61.0,47.0,maneuverRightAllowed,60,V2X,2024-10-07T16:31:05.000+00:00
1038,62.0,25.0,maneuverStraightAllowed,60,V2X,2024-10-07T16:31:05.000+00:00
1038,63.0,4.0,maneuverLeftAllowed,60,V2X,2024-10-07T16:31:05.000+00:00
1038,66.0,4.0,maneuverLeftAllowed,61,V2X,2024-10-07T16:31:05.000+00:00
1040,1.0,45.0,maneuverStraightAllowed,30,V2X,2024-10-07T16:31:05.000+00:00
1040,1.0,62.0,maneuverRightAllowed,30,V2X,2024-10-07T16:31:05.000+00:00
1040,2.0,44.0,maneuverStraightAllowed,30,V2X,2024-10-07T16:31:05.000+00:00
1040,3.0,22.0,maneuverLeftAllowed,30,V2X,2024-10-07T16:31:05.000+00:00
1040,21.0,5.0,maneuverRightAllowed,40,V2X,2024-10-07T16:31:05.000+00:00
1040,21.0,44.0,maneuverLeftAllowed,40,V2X,2024-10-07T16:31:05.000+00:00
1040,41.0,22.0,maneuverRightAllowed,10,V2X,2024-10-07T16:31:05.000+00:00
1040,42.0,4.0,maneuverStraightAllowed,10,V2X,2024-10-07T16:31:05.000+00:00
1040,43.0,62.0,maneuverLeftAllowed,10,V2X,2024-10-07T16:31:05.000+00:00
1040,61.0,4.0,maneuverLeftAllowed,20,V2X,2024-10-07T16:31:05.000+00:00
1040,61.0,45.0,maneuverRightAllowed,20,V2X,2024-10-07T16:31:05.000+00:00
1041,1.0,47.0,maneuverStraightAllowed,30,V2X,2024-10-07T16:31:05.000+00:00
1041,2.0,46.0,maneuverStraightAllowed,30,V2X,2024-10-07T16:31:05.000+00:00
1041,3.0,45.0,maneuverStraightAllowed,30,V2X,2024-10-07T16:31:05.000+00:00
1041,4.0,22.0,maneuverLeftAllowed,30,V2X,2024-10-07T16:31:05.000+00:00
1041,21.0,7.0,maneuverRightAllowed,40,V2X,2024-10-07T16:31:05.000+00:00
1041,21.0,45.0,maneuverLeftAllowed,40,V2X,2024-10-07T16:31:05.000+00:00
1041,41.0,7.0,maneuverStraightAllowed,10,V2X,2024-10-07T16:31:05.000+00:00
1041,41.0,22.0,maneuverRightAllowed,10,V2X,2024-10-07T16:31:05.000+00:00
1041,42.0,6.0,maneuverStraightAllowed,10,V2X,2024-10-07T16:31:05.000+00:00
1041,43.0,5.0,maneuverStraightAllowed,10,V2X,2024-10-07T16:31:05.000+00:00
1042,1.0,71.0,maneuverRightAllowed,30,V2X,2024-10-07T16:31:05.000+00:00
1042,21.0,71.0,maneuverStraightAllowed,40,V2X,2024-10-07T16:31:05.000+00:00
1042,22.0,70.0,maneuverStraightAllowed,40,V2X,2024-10-07T16:31:05.000+00:00
1042,23.0,69.0,maneuverStraightAllowed,40,V2X,2024-10-07T16:31:05.000+00:00
1042,24.0,68.0,maneuverStraightAllowed,40,V2X,2024-10-07T16:31:05.000+00:00
1042,25.0,67.0,maneuverStraightAllowed,40,V2X,2024-10-07T16:31:05.000+00:00
1042,26.0,66.0,maneuverStraightAllowed,40,V2X,2024-10-07T16:31:05.000+00:00
1042,41.0,33.0,maneuverRightAllowed,10,V2X,2024-10-07T16:31:05.000+00:00
1042,41.0,66.0,maneuverLeftAllowed,10,V2X,2024-10-07T16:31:05.000+00:00
1042,61.0,32.0,maneuverStraightAllowed,20,V2X,2024-10-07T16:31:05.000+00:00
1042,62.0,31.0,maneuverStraightAllowed,20,V2X,2024-10-07T16:31:05.000+00:00
1042,63.0,30.0,maneuverStraightAllowed,20,V2X,2024-10-07T16:31:05.000+00:00
1042,64.0,29.0,maneuverStraightAllowed,20,V2X,2024-10-07T16:31:05.000+00:00
1042,65.0,28.0,maneuverStraightAllowed,20,V2X,2024-10-07T16:31:05.000+00:00
1047,1.0,86.0,maneuverRightAllowed,40,V2X,2024-10-07T16:31:05.000+00:00
1047,21.0,85.0,maneuverStraightAllowed,80,V2X,2024-10-07T16:31:05.000+00:00
1047,21.0,86.0,maneuverStraightAllowed,80,V2X,2024-10-07T16:31:05.000+00:00
1047,22.0,84.0,maneuverStraightAllowed,80,V2X,2024-10-07T16:31:05.000+00:00
1047,23.0,64.0,maneuverLeftAllowed,80,V2X,2024-10-07T16:31:05.000+00:00
1047,24.0,63.0,maneuverLeftAllowed,80,V2X,2024-10-07T16:31:05.000+00:00
1047,41.0,27.0,maneuverRightAllowed,50,V2X,2024-10-07T16:31:05.000+00:00
1047,61.0,27.0,maneuverStraightAllowed,20,V2X,2024-10-07T16:31:05.000+00:00
1047,61.0,42.0,maneuverRightAllowed,20,V2X,2024-10-07T16:31:05.000+00:00
1047,62.0,26.0,maneuverStraightAllowed,20,V2X,2024-10-07T16:31:05.000+00:00
1047,81.0,27.0,maneuverStraightAllowed,60,V2X,2024-10-07T16:31:05.000+00:00
1047,82.0,26.0,maneuverStraightAllowed,60,V2X,2024-10-07T16:31:05.000+00:00
1047,83.0,25.0,maneuverStraightAllowed,60,V2X,2024-10-07T16:31:05.000+00:00
1049,1.0,31.0,maneuverStraightAllowed,80,V2X,2024-10-07T16:31:05.000+00:00
1049,2.0,30.0,maneuverStraightAllowed,80,V2X,2024-10-07T16:31:05.000+00:00
1049,3.0,29.0,maneuverStraightAllowed,80,V2X,2024-10-07T16:31:05.000+00:00
1049,4.0,28.0,maneuverStraightAllowed,80,V2X,2024-10-07T16:31:05.000+00:00
1049,21.0,10.0,maneuverStraightAllowed,60,V2X,2024-10-07T16:31:05.000+00:00
1049,22.0,9.0,maneuverStraightAllowed,60,V2X,2024-10-07T16:31:05.000+00:00
1049,23.0,8.0,maneuverStraightAllowed,60,V2X,2024-10-07T16:31:05.000+00:00
1049,24.0,7.0,maneuverStraightAllowed,60,V2X,2024-10-07T16:31:05.000+00:00
1049,25.0,6.0,maneuverStraightAllowed,60,V2X,2024-10-07T16:31:05.000+00:00
1049,26.0,5.0,maneuverStraightAllowed,60,V2X,2024-10-07T16:31:05.000+00:00
1057,1.0,27.0,maneuverStraightAllowed,40,V2X,2024-10-07T16:31:05.000+00:00
1057,1.0,42.0,maneuverRightAllowed,40,V2X,2024-10-07T16:31:05.000+00:00
1057,2.0,26.0,maneuverStraightAllowed,40,V2X,2024-10-07T16:31:05.000+00:00
1057,3.0,25.0,maneuverStraightAllowed,40,V2X,2024-10-07T16:31:05.000+00:00
1057,21.0,7.0,maneuverStraightAllowed,50,V2X,2024-10-07T16:31:05.000+00:00
1057,22.0,6.0,maneuverStraightAllowed,50,V2X,2024-10-07T16:31:05.000+00:00
1057,23.0,5.0,maneuverStraightAllowed,50,V2X,2024-10-07T16:31:05.000+00:00
1057,24.0,42.0,maneuverLeftAllowed,50,V2X,2024-10-07T16:31:05.000+00:00
1057,41.0,4.0,maneuverLeftAllowed,60,V2X,2024-10-07T16:31:05.000+00:00
1057,41.0,27.0,maneuverRightAllowed,60,V2X,2024-10-07T16:31:05.000+00:00
1058,1.0,47.0,maneuverStraightAllowed,70,V2X,2024-10-07T16:31:05.000+00:00
1058,1.0,69.0,maneuverRightAllowed,70,V2X,2024-10-07T16:31:05.000+00:00
1058,2.0,46.0,maneuverStraightAllowed,70,V2X,2024-10-07T16:31:05.000+00:00
1058,3.0,26.0,maneuverLeftAllowed,70,V2X,2024-10-07T16:31:05.000+00:00
1058,21.0,5.0,maneuverRightAllowed,80,V2X,2024-10-07T16:31:05.000+00:00
1058,21.0,69.0,maneuverStraightAllowed,80,V2X,2024-10-07T16:31:05.000+00:00
1058,22.0,68.0,maneuverStraightAllowed,80,V2X,2024-10-07T16:31:05.000+00:00
1058,23.0,67.0,maneuverStraightAllowed,80,V2X,2024-10-07T16:31:05.000+00:00
1058,24.0,46.0,maneuverLeftAllowed,80,V2X,2024-10-07T16:31:05.000+00:00
1058,25.0,45.0,maneuverLeftAllowed,80,V2X,2024-10-07T16:31:05.000+00:00
1058,41.0,5.0,maneuverStraightAllowed,20,V2X,2024-10-07T16:31:05.000+00:00
1058,42.0,4.0,maneuverStraightAllowed,20,V2X,2024-10-07T16:31:05.000+00:00
1058,43.0,67.0,maneuverLeftAllowed,20,V2X,2024-10-07T16:31:05.000+00:00
1058,44.0,66.0,maneuverLeftAllowed,20,V2X,2024-10-07T16:31:05.000+00:00
1058,61.0,48.0,maneuverRightAllowed,60,V2X,2024-10-07T16:31:05.000+00:00
1058,62.0,29.0,maneuverStraightAllowed,60,V2X,2024-10-07T16:31:05.000+00:00
1058,63.0,28.0,maneuverStraightAllowed,60,V2X,2024-10-07T16:31:05.000+00:00
1058,64.0,27.0,maneuverStraightAllowed,60,V2X,2024-10-07T16:31:05.000+00:00
1058,65.0,26.0,maneuverStraightAllowed,60,V2X,2024-10-07T16:31:05.000+00:00
1059,1.0,46.0,maneuverStraightAllowed,30,V2X,2024-10-07T16:31:05.000+00:00
1059,1.0,66.0,maneuverRightAllowed,30,V2X,2024-10-07T16:31:05.000+00:00
1059,2.0,45.0,maneuverStraightAllowed,30,V2X,2024-10-07T16:31:05.000+00:00
1059,3.0,26.0,maneuverLeftAllowed,30,V2X,2024-10-07T16:31:05.000+00:00
1059,4.0,25.0,maneuverLeftAllowed,30,V2X,2024-10-07T16:31:05.000+00:00
1059,21.0,6.0,maneuverRightAllowed,40,V2X,2024-10-07T16:31:05.000+00:00
1059,21.0,66.0,maneuverStraightAllowed,40,V2X,2024-10-07T16:31:05.000+00:00
1059,22.0,65.0,maneuverStraightAllowed,40,V2X,2024-10-07T16:31:05.000+00:00
1059,23.0,64.0,maneuverStraightAllowed,40,V2X,2024-10-07T16:31:05.000+00:00
1059,24.0,45.0,maneuverLeftAllowed,40,V2X,2024-10-07T16:31:05.000+00:00
1059,41.0,6.0,maneuverStraightAllowed,50,V2X,2024-10-07T16:31:05.000+00:00
1059,41.0,27.0,maneuverRightAllowed,50,V2X,2024-10-07T16:31:05.000+00:00
1059,42.0,5.0,maneuverStraightAllowed,50,V2X,2024-10-07T16:31:05.000+00:00
1059,43.0,65.0,maneuverLeftAllowed,50,V2X,2024-10-07T16:31:05.000+00:00
1059,44.0,64.0,maneuverLeftAllowed,50,V2X,2024-10-07T16:31:05.000+00:00
1059,61.0,27.0,maneuverStraightAllowed,20,V2X,2024-10-07T16:31:05.000+00:00
1059,61.0,46.0,maneuverRightAllowed,20,V2X,2024-10-07T16:31:05.000+00:00
1059,62.0,26.0,maneuverStraightAllowed,20,V2X,2024-10-07T16:31:05.000+00:00
1059,63.0,5.0,maneuverLeftAllowed,20,V2X,2024-10-07T16:31:05.000+00:00
1062,1.0,66.0,maneuverRightAllowed,30,V2X,2024-10-07T16:31:05.000+00:00
1062,2.0,45.0,maneuverStraightAllowed,30,V2X,2024-10-07T16:31:05.000+00:00
1062,3.0,44.0,maneuverStraightAllowed,30,V2X,2024-10-07T16:31:05.000+00:00
1062,4.0,24.0,maneuverLeftAllowed,30,V2X,2024-10-07T16:31:05.000+00:00
1062,21.0,6.0,maneuverRightAllowed,80,V2X,2024-10-07T16:31:05.000+00:00
1062,21.0,65.0,maneuverStraightAllowed,80,V2X,2024-10-07T16:31:05.000+00:00
1062,22.0,64.0,maneuverStraightAllowed,80,V2X,2024-10-07T16:31:05.000+00:00
1062,23.0,44.0,maneuverLeftAllowed,80,V2X,2024-10-07T16:31:05.000+00:00
1062,41.0,6.0,maneuverStraightAllowed,50,V2X,2024-10-07T16:31:05.000+00:00
1062,41.0,25.0,maneuverRightAllowed,50,V2X,2024-10-07T16:31:05.000+00:00
1062,42.0,5.0,maneuverStraightAllowed,50,V2X,2024-10-07T16:31:05.000+00:00
1062,43.0,64.0,maneuverLeftAllowed,50,V2X,2024-10-07T16:31:05.000+00:00
1062,61.0,25.0,maneuverStraightAllowed,60,V2X,2024-10-07T16:31:05.000+00:00
1062,61.0,45.0,maneuverRightAllowed,60,V2X,2024-10-07T16:31:05.000+00:00
1062,62.0,24.0,maneuverStraightAllowed,60,V2X,2024-10-07T16:31:05.000+00:00
1062,63.0,5.0,maneuverLeftAllowed,60,V2X,2024-10-07T16:31:05.000+00:00
1063,1.0,86.0,maneuverRightAllowed,70,V2X,2024-10-07T16:31:05.000+00:00
1063,21.0,2.0,maneuverRightAllowed,40,V2X,2024-10-07T16:31:05.000+00:00
1063,21.0,86.0,maneuverRightAllowed,40,V2X,2024-10-07T16:31:05.000+00:00
1063,22.0,65.0,maneuverStraightAllowed,40,V2X,2024-10-07T16:31:05.000+00:00
1063,23.0,45.0,maneuverLeftAllowed,40,V2X,2024-10-07T16:31:05.000+00:00
1063,23.0,64.0,maneuverStraightAllowed,40,V2X,2024-10-07T16:31:05.000+00:00
1063,41.0,26.0,maneuverRightAllowed,80,V2X,2024-10-07T16:31:05.000+00:00
1063,42.0,86.0,maneuverStraightAllowed,80,V2X,2024-10-07T16:31:05.000+00:00
1063,43.0,85.0,maneuverStraightAllowed,80,V2X,2024-10-07T16:31:05.000+00:00
1063,44.0,64.0,maneuverLeftAllowed,80,V2X,2024-10-07T16:31:05.000+00:00
1063,61.0,25.0,maneuverStraightAllowed,50,V2X,2024-10-07T16:31:05.000+00:00
1063,61.0,46.0,maneuverRightAllowed,50,V2X,2024-10-07T16:31:05.000+00:00
1063,62.0,24.0,maneuverStraightAllowed,50,V2X,2024-10-07T16:31:05.000+00:00
1063,63.0,85.0,maneuverLeftAllowed,50,V2X,2024-10-07T16:31:05.000+00:00
1063,81.0,66.0,maneuverRightAllowed,60,V2X,2024-10-07T16:31:05.000+00:00
1063,82.0,46.0,maneuverStraightAllowed,60,V2X,2024-10-07T16:31:05.000+00:00
1063,83.0,25.0,maneuverLeftAllowed,60,V2X,2024-10-07T16:31:05.000+00:00
1063,84.0,24.0,maneuverLeftAllowed,60,V2X,2024-10-07T16:31:05.000+00:00
1066,1.0,47.0,maneuverStraightAllowed,30,V2X,2024-10-07T16:31:05.000+00:00
1066,1.0,62.0,maneuverRightAllowed,30,V2X,2024-10-07T16:31:05.000+00:00
1066,2.0,46.0,maneuverStraightAllowed,30,V2X,2024-10-07T16:31:05.000+00:00
1066,3.0,45.0,maneuverStraightAllowed,30,V2X,2024-10-07T16:31:05.000+00:00
1066,4.0,22.0,maneuverLeftAllowed,30,V2X,2024-10-07T16:31:05.000+00:00
1066,21.0,7.0,maneuverRightAllowed,40,V2X,2024-10-07T16:31:05.000+00:00
1066,21.0,45.0,maneuverLeftAllowed,40,V2X,2024-10-07T16:31:05.000+00:00
1066,21.0,62.0,maneuverStraightAllowed,40,V2X,2024-10-07T16:31:05.000+00:00
1066,41.0,7.0,maneuverStraightAllowed,10,V2X,2024-10-07T16:31:05.000+00:00
1066,41.0,22.0,maneuverRightAllowed,10,V2X,2024-10-07T16:31:05.000+00:00
1066,42.0,6.0,maneuverStraightAllowed,10,V2X,2024-10-07T16:31:05.000+00:00
1066,43.0,5.0,maneuverStraightAllowed,10,V2X,2024-10-07T16:31:05.000+00:00
1066,44.0,62.0,maneuverLeftAllowed,10,V2X,2024-10-07T16:31:05.000+00:00
1066,61.0,5.0,maneuverLeftAllowed,20,V2X,2024-10-07T16:31:05.000+00:00
1066,61.0,22.0,maneuverStraightAllowed,20,V2X,2024-10-07T16:31:05.000+00:00
1066,61.0,47.0,maneuverRightAllowed,20,V2X,2024-10-07T16:31:05.000+00:00
1068,1.0,47.0,maneuverStraightAllowed,30,V2X,2024-10-07T16:31:05.000+00:00
1068,1.0,65.0,maneuverRightAllowed,30,V2X,2024-10-07T16:31:05.000+00:00
1068,2.0,46.0,maneuverStraightAllowed,30,V2X,2024-10-07T16:31:05.000+00:00
1068,3.0,45.0,maneuverStraightAllowed,30,V2X,2024-10-07T16:31:05.000+00:00
1068,4.0,23.0,maneuverLeftAllowed,30,V2X,2024-10-07T16:31:05.000+00:00
1068,4.0,45.0,maneuverStraightAllowed,30,V2X,2024-10-07T16:31:05.000+00:00
1068,21.0,8.0,maneuverRightAllowed,40,V2X,2024-10-07T16:31:05.000+00:00
1068,21.0,65.0,maneuverStraightAllowed,40,V2X,2024-10-07T16:31:05.000+00:00
1068,22.0,45.0,maneuverLeftAllowed,40,V2X,2024-10-07T16:31:05.000+00:00
1068,41.0,8.0,maneuverStraightAllowed,10,V2X,2024-10-07T16:31:05.000+00:00
1068,41.0,23.0,maneuverRightAllowed,10,V2X,2024-10-07T16:31:05.000+00:00
1068,42.0,7.0,maneuverStraightAllowed,10,V2X,2024-10-07T16:31:05.000+00:00
1068,43.0,6.0,maneuverStraightAllowed,10,V2X,2024-10-07T16:31:05.000+00:00
1068,44.0,5.0,maneuverStraightAllowed,10,V2X,2024-10-07T16:31:05.000+00:00
1068,61.0,47.0,maneuverRightAllowed,20,V2X,2024-10-07T16:31:05.000+00:00
1068,62.0,23.0,maneuverStraightAllowed,20,V2X,2024-10-07T16:31:05.000+00:00
1068,63.0,5.0,maneuverLeftAllowed,20,V2X,2024-10-07T16:31:05.000+00:00
1069,1.0,67.0,maneuverRightAllowed,30,V2X,2024-10-07T16:31:05.000+00:00
1069,2.0,26.0,maneuverLeftAllowed,30,V2X,2024-10-07T16:31:05.000+00:00
1069,21.0,4.0,maneuverRightAllowed,40,V2X,2024-10-07T16:31:05.000+00:00
1069,21.0,67.0,maneuverStraightAllowed,40,V2X,2024-10-07T16:31:05.000+00:00
1069,22.0,66.0,maneuverStraightAllowed,40,V2X,2024-10-07T16:31:05.000+00:00
1069,23.0,41.0,maneuverLeftAllowed,40,V2X,2024-10-07T16:31:05.000+00:00
1069,24.0,65.0,maneuverStraightAllowed,40,V2X,2024-10-07T16:31:05.000+00:00
1069,61.0,27.0,maneuverStraightAllowed,20,V2X,2024-10-07T16:31:05.000+00:00
1069,61.0,41.0,maneuverRightAllowed,20,V2X,2024-10-07T16:31:05.000+00:00
1069,62.0,26.0,maneuverStraightAllowed,20,V2X,2024-10-07T16:31:05.000+00:00
1069,63.0,3.0,maneuverLeftAllowed,20,V2X,2024-10-07T16:31:05.000+00:00
1069,64.0,25.0,maneuverStraightAllowed,20,V2X,2024-10-07T16:31:05.000+00:00
107,1.0,48.0,maneuverStraightAllowed,70,V2X,2024-10-07T16:31:04.000+00:00
107,1.0,62.0,maneuverRightAllowed,70,V2X,2024-10-07T16:31:04.000+00:00
107,2.0,47.0,maneuverStraightAllowed,70,V2X,2024-10-07T16:31:04.000+00:00
107,3.0,46.0,maneuverStraightAllowed,70,V2X,2024-10-07T16:31:04.000+00:00
107,4.0,23.0,maneuverLeftAllowed,70,V2X,2024-10-07T16:31:04.000+00:00
107,21.0,8.0,maneuverRightAllowed,80,V2X,2024-10-07T16:31:04.000+00:00
107,22.0,46.0,maneuverLeftAllowed,80,V2X,2024-10-07T16:31:04.000+00:00
107,22.0,62.0,maneuverStraightAllowed,80,V2X,2024-10-07T16:31:04.000+00:00
107,41.0,23.0,maneuverRightAllowed,50,V2X,2024-10-07T16:31:04.000+00:00
107,42.0,7.0,maneuverStraightAllowed,50,V2X,2024-10-07T16:31:04.000+00:00
107,43.0,6.0,maneuverStraightAllowed,50,V2X,2024-10-07T16:31:04.000+00:00
107,44.0,5.0,maneuverStraightAllowed,50,V2X,2024-10-07T16:31:04.000+00:00
107,45.0,62.0,maneuverLeftAllowed,50,V2X,2024-10-07T16:31:04.000+00:00
107,61.0,5.0,maneuverLeftAllowed,60,V2X,2024-10-07T16:31:04.000+00:00
107,61.0,23.0,maneuverStraightAllowed,60,V2X,2024-10-07T16:31:04.000+00:00
107,61.0,48.0,maneuverRightAllowed,60,V2X,2024-10-07T16:31:04.000+00:00
1070,1.0,41.0,maneuverStraightAllowed,40,V2X,2024-10-07T16:31:05.000+00:00
1070,1.0,63.0,maneuverStraightAllowed,40,V2X,2024-10-07T16:31:05.000+00:00
1070,1.0,86.0,maneuverRightAllowed,40,V2X,2024-10-07T16:31:05.000+00:00
1070,2.0,24.0,maneuverLeftAllowed,40,V2X,2024-10-07T16:31:05.000+00:00
1070,21.0,3.0,maneuverRightAllowed,80,V2X,2024-10-07T16:31:05.000+00:00
1070,21.0,86.0,maneuverStraightAllowed,80,V2X,2024-10-07T16:31:05.000+00:00
1070,22.0,85.0,maneuverStraightAllowed,80,V2X,2024-10-07T16:31:05.000+00:00
1070,23.0,41.0,maneuverLeftAllowed,80,V2X,2024-10-07T16:31:05.000+00:00
1070,23.0,63.0,maneuverLeftAllowed,80,V2X,2024-10-07T16:31:05.000+00:00
1070,61.0,26.0,maneuverRightAllowed,20,V2X,2024-10-07T16:31:05.000+00:00
1070,61.0,41.0,maneuverRightAllowed,20,V2X,2024-10-07T16:31:05.000+00:00
1070,62.0,3.0,maneuverStraightAllowed,20,V2X,2024-10-07T16:31:05.000+00:00
1070,62.0,84.0,maneuverLeftAllowed,20,V2X,2024-10-07T16:31:05.000+00:00
1070,81.0,26.0,maneuverStraightAllowed,60,V2X,2024-10-07T16:31:05.000+00:00
1070,81.0,63.0,maneuverRightAllowed,60,V2X,2024-10-07T16:31:05.000+00:00
1070,82.0,25.0,maneuverStraightAllowed,60,V2X,2024-10-07T16:31:05.000+00:00
1070,83.0,3.0,maneuverLeftAllowed,60,V2X,2024-10-07T16:31:05.000+00:00
1071,1.0,24.0,maneuverLeftAllowed,70,V2X,2024-10-07T16:31:05.000+00:00
1071,1.0,44.0,maneuverStraightAllowed,70,V2X,2024-10-07T16:31:05.000+00:00
1071,1.0,67.0,maneuverRightAllowed,70,V2X,2024-10-07T16:31:05.000+00:00
1071,21.0,2.0,maneuverRightAllowed,40,V2X,2024-10-07T16:31:05.000+00:00
1071,21.0,67.0,maneuverStraightAllowed,40,V2X,2024-10-07T16:31:05.000+00:00
1071,22.0,66.0,maneuverStraightAllowed,40,V2X,2024-10-07T16:31:05.000+00:00
1071,23.0,44.0,maneuverLeftAllowed,40,V2X,2024-10-07T16:31:05.000+00:00
1071,41.0,25.0,maneuverRightAllowed,10,V2X,2024-10-07T16:31:05.000+00:00
1071,42.0,2.0,maneuverStraightAllowed,10,V2X,2024-10-07T16:31:05.000+00:00
1071,43.0,65.0,maneuverLeftAllowed,10,V2X,2024-10-07T16:31:05.000+00:00
1071,61.0,45.0,maneuverRightAllowed,60,V2X,2024-10-07T16:31:05.000+00:00
1071,62.0,25.0,maneuverStraightAllowed,60,V2X,2024-10-07T16:31:05.000+00:00
1071,63.0,24.0,maneuverStraightAllowed,60,V2X,2024-10-07T16:31:05.000+00:00
1071,64.0,2.0,maneuverLeftAllowed,60,V2X,2024-10-07T16:31:05.000+00:00
1073,1.0,48.0,maneuverStraightAllowed,30,V2X,2024-10-07T16:31:05.000+00:00
1073,1.0,65.0,maneuverRightAllowed,30,V2X,2024-10-07T16:31:05.000+00:00
1073,2.0,47.0,maneuverStraightAllowed,30,V2X,2024-10-07T16:31:05.000+00:00
1073,3.0,46.0,maneuverStraightAllowed,30,V2X,2024-10-07T16:31:05.000+00:00
1073,4.0,24.0,maneuverLeftAllowed,30,V2X,2024-10-07T16:31:05.000+00:00
1073,21.0,7.0,maneuverRightAllowed,40,V2X,2024-10-07T16:31:05.000+00:00
1073,21.0,65.0,maneuverStraightAllowed,40,V2X,2024-10-07T16:31:05.000+00:00
1073,22.0,64.0,maneuverStraightAllowed,40,V2X,2024-10-07T16:31:05.000+00:00
1073,23.0,46.0,maneuverLeftAllowed,40,V2X,2024-10-07T16:31:05.000+00:00
1073,41.0,26.0,maneuverRightAllowed,10,V2X,2024-10-07T16:31:05.000+00:00
1073,42.0,7.0,maneuverStraightAllowed,10,V2X,2024-10-07T16:31:05.000+00:00
1073,43.0,6.0,maneuverStraightAllowed,10,V2X,2024-10-07T16:31:05.000+00:00
1073,44.0,5.0,maneuverStraightAllowed,10,V2X,2024-10-07T16:31:05.000+00:00
1073,45.0,63.0,maneuverLeftAllowed,10,V2X,2024-10-07T16:31:05.000+00:00
1073,61.0,25.0,maneuverStraightAllowed,20,V2X,2024-10-07T16:31:05.000+00:00
1073,61.0,26.0,maneuverStraightAllowed,20,V2X,2024-10-07T16:31:05.000+00:00
1073,61.0,48.0,maneuverRightAllowed,20,V2X,2024-10-07T16:31:05.000+00:00
1073,62.0,5.0,maneuverLeftAllowed,20,V2X,2024-10-07T16:31:05.000+00:00
1074,1.0,25.0,maneuverLeftAllowed,30,V2X,2024-10-07T16:31:05.000+00:00
1074,1.0,42.0,maneuverStraightAllowed,30,V2X,2024-10-07T16:31:05.000+00:00
1074,1.0,67.0,maneuverRightAllowed,30,V2X,2024-10-07T16:31:05.000+00:00
1074,21.0,2.0,maneuverRightAllowed,40,V2X,2024-10-07T16:31:05.000+00:00
1074,21.0,67.0,maneuverStraightAllowed,40,V2X,2024-10-07T16:31:05.000+00:00
1074,22.0,66.0,maneuverStraightAllowed,40,V2X,2024-10-07T16:31:05.000+00:00
1074,23.0,65.0,maneuverStraightAllowed,40,V2X,2024-10-07T16:31:05.000+00:00
1074,41.0,26.0,maneuverRightAllowed,10,V2X,2024-10-07T16:31:05.000+00:00
1074,61.0,42.0,maneuverRightAllowed,20,V2X,2024-10-07T16:31:05.000+00:00
1074,62.0,26.0,maneuverStraightAllowed,20,V2X,2024-10-07T16:31:05.000+00:00
1074,63.0,25.0,maneuverStraightAllowed,20,V2X,2024-10-07T16:31:05.000+00:00
1074,64.0,2.0,maneuverLeftAllowed,20,V2X,2024-10-07T16:31:05.000+00:00
1075,1.0,46.0,maneuverStraightAllowed,30,V2X,2024-10-07T16:31:05.000+00:00
1075,1.0,62.0,maneuverRightAllowed,30,V2X,2024-10-07T16:31:05.000+00:00
1075,2.0,45.0,maneuverStraightAllowed,30,V2X,2024-10-07T16:31:05.000+00:00
1075,3.0,44.0,maneuverStraightAllowed,30,V2X,2024-10-07T16:31:05.000+00:00
1075,4.0,22.0,maneuverLeftAllowed,30,V2X,2024-10-07T16:31:05.000+00:00
1075,21.0,7.0,maneuverRightAllowed,40,V2X,2024-10-07T16:31:05.000+00:00
1075,21.0,44.0,maneuverLeftAllowed,40,V2X,2024-10-07T16:31:05.000+00:00
1075,21.0,62.0,maneuverStraightAllowed,40,V2X,2024-10-07T16:31:05.000+00:00
1075,41.0,7.0,maneuverStraightAllowed,10,V2X,2024-10-07T16:31:05.000+00:00
1075,41.0,22.0,maneuverRightAllowed,10,V2X,2024-10-07T16:31:05.000+00:00
1075,42.0,6.0,maneuverStraightAllowed,10,V2X,2024-10-07T16:31:05.000+00:00
1075,43.0,5.0,maneuverStraightAllowed,10,V2X,2024-10-07T16:31:05.000+00:00
1075,43.0,62.0,maneuverLeftAllowed,10,V2X,2024-10-07T16:31:05.000+00:00
1075,61.0,5.0,maneuverLeftAllowed,20,V2X,2024-10-07T16:31:05.000+00:00
1075,61.0,22.0,maneuverStraightAllowed,20,V2X,2024-10-07T16:31:05.000+00:00
1075,61.0,46.0,maneuverRightAllowed,20,V2X,2024-10-07T16:31:05.000+00:00
1077,1.0,68.0,maneuverRightAllowed,30,V2X,2024-10-07T16:31:05.000+00:00
1077,2.0,48.0,maneuverStraightAllowed,30,V2X,2024-10-07T16:31:05.000+00:00
1077,3.0,47.0,maneuverStraightAllowed,30,V2X,2024-10-07T16:31:05.000+00:00
1077,4.0,46.0,maneuverStraightAllowed,30,V2X,2024-10-07T16:31:05.000+00:00
1077,5.0,25.0,maneuverLeftAllowed,30,V2X,2024-10-07T16:31:05.000+00:00
1077,21.0,9.0,maneuverRightAllowed,40,V2X,2024-10-07T16:31:05.000+00:00
1077,22.0,67.0,maneuverStraightAllowed,40,V2X,2024-10-07T16:31:05.000+00:00
1077,23.0,66.0,maneuverStraightAllowed,40,V2X,2024-10-07T16:31:05.000+00:00
1077,24.0,46.0,maneuverLeftAllowed,40,V2X,2024-10-07T16:31:05.000+00:00
1077,41.0,28.0,maneuverRightAllowed,10,V2X,2024-10-07T16:31:05.000+00:00
1077,42.0,8.0,maneuverStraightAllowed,10,V2X,2024-10-07T16:31:05.000+00:00
1077,43.0,7.0,maneuverStraightAllowed,10,V2X,2024-10-07T16:31:05.000+00:00
1077,44.0,6.0,maneuverStraightAllowed,10,V2X,2024-10-07T16:31:05.000+00:00
1077,45.0,65.0,maneuverLeftAllowed,10,V2X,2024-10-07T16:31:05.000+00:00
1077,61.0,27.0,maneuverStraightAllowed,20,V2X,2024-10-07T16:31:05.000+00:00
1077,61.0,49.0,maneuverRightAllowed,20,V2X,2024-10-07T16:31:05.000+00:00
1077,62.0,26.0,maneuverStraightAllowed,20,V2X,2024-10-07T16:31:05.000+00:00
1077,63.0,25.0,maneuverStraightAllowed,20,V2X,2024-10-07T16:31:05.000+00:00
1077,64.0,6.0,maneuverLeftAllowed,20,V2X,2024-10-07T16:31:05.000+00:00
108,1.0,27.0,maneuverStraightAllowed,30,V2X,2024-10-07T16:31:04.000+00:00
108,2.0,26.0,maneuverStraightAllowed,30,V2X,2024-10-07T16:31:04.000+00:00
108,3.0,25.0,maneuverStraightAllowed,30,V2X,2024-10-07T16:31:04.000+00:00
108,21.0,7.0,maneuverStraightAllowed,10,V2X,2024-10-07T16:31:04.000+00:00
108,22.0,6.0,maneuverStraightAllowed,10,V2X,2024-10-07T16:31:04.000+00:00
108,23.0,5.0,maneuverStraightAllowed,10,V2X,2024-10-07T16:31:04.000+00:00
108,24.0,4.0,maneuverStraightAllowed,10,V2X,2024-10-07T16:31:04.000+00:00
1082,1.0,66.0,maneuverRightAllowed,70,V2X,2024-10-07T16:31:05.000+00:00
1082,21.0,2.0,maneuverRightAllowed,40,V2X,2024-10-07T16:31:05.000+00:00
1082,21.0,66.0,maneuverStraightAllowed,40,V2X,2024-10-07T16:31:05.000+00:00
1082,22.0,65.0,maneuverStraightAllowed,40,V2X,2024-10-07T16:31:05.000+00:00
1082,23.0,42.0,maneuverLeftAllowed,40,V2X,2024-10-07T16:31:05.000+00:00
1082,41.0,26.0,maneuverRightAllowed,20,V2X,2024-10-07T16:31:05.000+00:00
1082,61.0,26.0,maneuverStraightAllowed,60,V2X,2024-10-07T16:31:05.000+00:00
1082,61.0,42.0,maneuverRightAllowed,60,V2X,2024-10-07T16:31:05.000+00:00
1082,62.0,25.0,maneuverStraightAllowed,60,V2X,2024-10-07T16:31:05.000+00:00
1086,1.0,26.0,maneuverStraightAllowed,80,V2X,2024-10-07T16:31:05.000+00:00
1086,2.0,25.0,maneuverStraightAllowed,80,V2X,2024-10-07T16:31:05.000+00:00
1086,3.0,24.0,maneuverStraightAllowed,80,V2X,2024-10-07T16:31:05.000+00:00
1086,21.0,6.0,maneuverStraightAllowed,60,V2X,2024-10-07T16:31:05.000+00:00
1086,22.0,5.0,maneuverStraightAllowed,60,V2X,2024-10-07T16:31:05.000+00:00
1086,23.0,4.0,maneuverStraightAllowed,60,V2X,2024-10-07T16:31:05.000+00:00
1088,1.0,50.0,maneuverStraightAllowed,30,V2X,2024-10-07T16:31:04.000+00:00
1088,1.0,66.0,maneuverRightAllowed,30,V2X,2024-10-07T16:31:04.000+00:00
1088,2.0,49.0,maneuverStraightAllowed,30,V2X,2024-10-07T16:31:04.000+00:00
1088,3.0,48.0,maneuverStraightAllowed,30,V2X,2024-10-07T16:31:04.000+00:00
1088,4.0,47.0,maneuverStraightAllowed,30,V2X,2024-10-07T16:31:04.000+00:00
1088,5.0,25.0,maneuverLeftAllowed,30,V2X,2024-10-07T16:31:04.000+00:00
1088,21.0,9.0,maneuverRightAllowed,40,V2X,2024-10-07T16:31:04.000+00:00
1088,22.0,66.0,maneuverStraightAllowed,40,V2X,2024-10-07T16:31:04.000+00:00
1088,23.0,65.0,maneuverStraightAllowed,40,V2X,2024-10-07T16:31:04.000+00:00
1088,24.0,64.0,maneuverStraightAllowed,40,V2X,2024-10-07T16:31:04.000+00:00
1088,41.0,27.0,maneuverRightAllowed,10,V2X,2024-10-07T16:31:04.000+00:00
1088,42.0,9.0,maneuverStraightAllowed,10,V2X,2024-10-07T16:31:04.000+00:00
1088,43.0,8.0,maneuverStraightAllowed,10,V2X,2024-10-07T16:31:04.000+00:00
1088,44.0,7.0,maneuverStraightAllowed,10,V2X,2024-10-07T16:31:04.000+00:00
1088,45.0,6.0,maneuverStraightAllowed,10,V2X,2024-10-07T16:31:04.000+00:00
1088,46.0,64.0,maneuverLeftAllowed,10,V2X,2024-10-07T16:31:04.000+00:00
1088,61.0,27.0,maneuverStraightAllowed,20,V2X,2024-10-07T16:31:04.000+00:00
1088,61.0,51.0,maneuverRightAllowed,20,V2X,2024-10-07T16:31:04.000+00:00
1088,62.0,26.0,maneuverStraightAllowed,20,V2X,2024-10-07T16:31:04.000+00:00
1088,63.0,25.0,maneuverStraightAllowed,20,V2X,2024-10-07T16:31:04.000+00:00
1089,1.0,47.0,maneuverStraightAllowed,70,V2X,2024-10-07T16:31:04.000+00:00
1089,1.0,67.0,maneuverRightAllowed,70,V2X,2024-10-07T16:31:04.000+00:00
1089,2.0,46.0,maneuverStraightAllowed,70,V2X,2024-10-07T16:31:04.000+00:00
1089,3.0,45.0,maneuverStraightAllowed,70,V2X,2024-10-07T16:31:04.000+00:00
1089,4.0,25.0,maneuverLeftAllowed,70,V2X,2024-10-07T16:31:04.000+00:00
1089,21.0,7.0,maneuverRightAllowed,80,V2X,2024-10-07T16:31:04.000+00:00
1089,21.0,67.0,maneuverStraightAllowed,80,V2X,2024-10-07T16:31:04.000+00:00
1089,22.0,66.0,maneuverStraightAllowed,80,V2X,2024-10-07T16:31:04.000+00:00
1089,23.0,65.0,maneuverStraightAllowed,80,V2X,2024-10-07T16:31:04.000+00:00
1089,24.0,45.0,maneuverLeftAllowed,80,V2X,2024-10-07T16:31:04.000+00:00
1089,41.0,7.0,maneuverStraightAllowed,50,V2X,2024-10-07T16:31:04.000+00:00
1089,41.0,27.0,maneuverRightAllowed,50,V2X,2024-10-07T16:31:04.000+00:00
1089,42.0,6.0,maneuverStraightAllowed,50,V2X,2024-10-07T16:31:04.000+00:00
1089,43.0,5.0,maneuverStraightAllowed,50,V2X,2024-10-07T16:31:04.000+00:00
1089,44.0,65.0,maneuverLeftAllowed,50,V2X,2024-10-07T16:31:04.000+00:00
1089,61.0,27.0,maneuverStraightAllowed,30,V2X,2024-10-07T16:31:04.000+00:00
1089,61.0,47.0,maneuverRightAllowed,30,V2X,2024-10-07T16:31:04.000+00:00
1089,62.0,26.0,maneuverStraightAllowed,30,V2X,2024-10-07T16:31:04.000+00:00
1089,63.0,25.0,maneuverStraightAllowed,30,V2X,2024-10-07T16:31:04.000+00:00
1089,64.0,5.0,maneuverLeftAllowed,30,V2X,2024-10-07T16:31:04.000+00:00
109,1.0,23.0,maneuverLeftAllowed,40,V2X,2024-10-07T16:31:04.000+00:00
109,1.0,42.0,maneuverStraightAllowed,40,V2X,2024-10-07T16:31:04.000+00:00
109,1.0,64.0,maneuverRightAllowed,40,V2X,2024-10-07T16:31:04.000+00:00
109,21.0,1.0,maneuverRightAllowed,10,V2X,2024-10-07T16:31:04.000+00:00
109,21.0,64.0,maneuverStraightAllowed,10,V2X,2024-10-07T16:31:04.000+00:00
109,22.0,42.0,maneuverLeftAllowed,10,V2X,2024-10-07T16:31:04.000+00:00
109,22.0,63.0,maneuverStraightAllowed,10,V2X,2024-10-07T16:31:04.000+00:00
109,41.0,1.0,maneuverStraightAllowed,20,V2X,2024-10-07T16:31:04.000+00:00
109,41.0,24.0,maneuverRightAllowed,20,V2X,2024-10-07T16:31:04.000+00:00
109,41.0,63.0,maneuverLeftAllowed,20,V2X,2024-10-07T16:31:04.000+00:00
109,61.0,24.0,maneuverStraightAllowed,30,V2X,2024-10-07T16:31:04.000+00:00
109,61.0,42.0,maneuverRightAllowed,30,V2X,2024-10-07T16:31:04.000+00:00
109,62.0,1.0,maneuverLeftAllowed,30,V2X,2024-10-07T16:31:04.000+00:00
109,62.0,23.0,maneuverStraightAllowed,30,V2X,2024-10-07T16:31:04.000+00:00
1091,1.0,62.0,maneuverRightAllowed,30,V2X,2024-10-07T16:31:04.000+00:00
1091,2.0,46.0,maneuverStraightAllowed,30,V2X,2024-10-07T16:31:04.000+00:00
1091,3.0,45.0,maneuverStraightAllowed,30,V2X,2024-10-07T16:31:04.000+00:00
1091,4.0,44.0,maneuverStraightAllowed,30,V2X,2024-10-07T16:31:04.000+00:00
1091,21.0,7.0,maneuverRightAllowed,40,V2X,2024-10-07T16:31:04.000+00:00
1091,21.0,44.0,maneuverLeftAllowed,40,V2X,2024-10-07T16:31:04.000+00:00
1091,21.0,62.0,maneuverStraightAllowed,40,V2X,2024-10-07T16:31:04.000+00:00
1091,41.0,7.0,maneuverStraightAllowed,10,V2X,2024-10-07T16:31:04.000+00:00
1091,41.0,22.0,maneuverRightAllowed,10,V2X,2024-10-07T16:31:04.000+00:00
1091,42.0,6.0,maneuverStraightAllowed,10,V2X,2024-10-07T16:31:04.000+00:00
1091,43.0,5.0,maneuverStraightAllowed,10,V2X,2024-10-07T16:31:04.000+00:00
1091,61.0,5.0,maneuverLeftAllowed,20,V2X,2024-10-07T16:31:04.000+00:00
1091,61.0,22.0,maneuverStraightAllowed,20,V2X,2024-10-07T16:31:04.000+00:00
1091,61.0,46.0,maneuverRightAllowed,20,V2X,2024-10-07T16:31:04.000+00:00
1092,1.0,27.0,maneuverStraightAllowed,80,V2X,2024-10-07T16:31:04.000+00:00
1092,2.0,26.0,maneuverStraightAllowed,80,V2X,2024-10-07T16:31:04.000+00:00
1092,3.0,25.0,maneuverStraightAllowed,80,V2X,2024-10-07T16:31:04.000+00:00
1092,22.0,6.0,maneuverStraightAllowed,60,V2X,2024-10-07T16:31:04.000+00:00
1092,23.0,5.0,maneuverStraightAllowed,60,V2X,2024-10-07T16:31:04.000+00:00
1092,24.0,4.0,maneuverStraightAllowed,60,V2X,2024-10-07T16:31:04.000+00:00
1102,1.0,47.0,maneuverStraightAllowed,70,V2X,2024-10-07T16:31:04.000+00:00
1102,2.0,46.0,maneuverStraightAllowed,70,V2X,2024-10-07T16:31:04.000+00:00
1102,3.0,45.0,maneuverStraightAllowed,70,V2X,2024-10-07T16:31:04.000+00:00
1102,21.0,7.0,maneuverRightAllowed,40,V2X,2024-10-07T16:31:04.000+00:00
1102,22.0,46.0,maneuverLeftAllowed,40,V2X,2024-10-07T16:31:04.000+00:00
1102,23.0,45.0,maneuverLeftAllowed,40,V2X,2024-10-07T16:31:04.000+00:00
1102,41.0,24.0,maneuverRightAllowed,50,V2X,2024-10-07T16:31:04.000+00:00
1102,42.0,7.0,maneuverStraightAllowed,50,V2X,2024-10-07T16:31:04.000+00:00
1102,43.0,6.0,maneuverStraightAllowed,50,V2X,2024-10-07T16:31:04.000+00:00
1102,44.0,5.0,maneuverStraightAllowed,50,V2X,2024-10-07T16:31:04.000+00:00
1103,1.0,27.0,maneuverStraightAllowed,40,V2X,2024-10-07T16:31:04.000+00:00
1103,1.0,43.0,maneuverRightAllowed,40,V2X,2024-10-07T16:31:04.000+00:00
1103,2.0,26.0,maneuverStraightAllowed,40,V2X,2024-10-07T16:31:04.000+00:00
1103,3.0,25.0,maneuverStraightAllowed,40,V2X,2024-10-07T16:31:04.000+00:00
1103,21.0,7.0,maneuverStraightAllowed,20,V2X,2024-10-07T16:31:04.000+00:00
1103,22.0,6.0,maneuverStraightAllowed,20,V2X,2024-10-07T16:31:04.000+00:00
1103,23.0,5.0,maneuverStraightAllowed,20,V2X,2024-10-07T16:31:04.000+00:00
1103,24.0,43.0,maneuverLeftAllowed,20,V2X,2024-10-07T16:31:04.000+00:00
1103,41.0,27.0,maneuverRightAllowed,60,V2X,2024-10-07T16:31:04.000+00:00
1103,42.0,5.0,maneuverLeftAllowed,60,V2X,2024-10-07T16:31:04.000+00:00
1104,1.0,45.0,maneuverStraightAllowed,70,V2X,2024-10-07T16:31:04.000+00:00
1104,2.0,44.0,maneuverStraightAllowed,70,V2X,2024-10-07T16:31:04.000+00:00
1104,3.0,43.0,maneuverStraightAllowed,70,V2X,2024-10-07T16:31:04.000+00:00
1104,4.0,23.0,maneuverLeftAllowed,70,V2X,2024-10-07T16:31:04.000+00:00
1104,21.0,7.0,maneuverRightAllowed,80,V2X,2024-10-07T16:31:04.000+00:00
1104,22.0,43.0,maneuverLeftAllowed,80,V2X,2024-10-07T16:31:04.000+00:00
1104,41.0,6.0,maneuverStraightAllowed,50,V2X,2024-10-07T16:31:04.000+00:00
1104,41.0,24.0,maneuverRightAllowed,50,V2X,2024-10-07T16:31:04.000+00:00
1104,42.0,5.0,maneuverStraightAllowed,50,V2X,2024-10-07T16:31:04.000+00:00
1108,1.0,46.0,maneuverStraightAllowed,30,V2X,2024-10-07T16:31:04.000+00:00
1108,1.0,64.0,maneuverRightAllowed,30,V2X,2024-10-07T16:31:04.000+00:00
1108,2.0,45.0,maneuverStraightAllowed,30,V2X,2024-10-07T16:31:04.000+00:00
1108,3.0,23.0,maneuverLeftAllowed,30,V2X,2024-10-07T16:31:04.000+00:00
1108,21.0,6.0,maneuverRightAllowed,40,V2X,2024-10-07T16:31:04.000+00:00
1108,21.0,64.0,maneuverStraightAllowed,40,V2X,2024-10-07T16:31:04.000+00:00
1108,22.0,44.0,maneuverLeftAllowed,40,V2X,2024-10-07T16:31:04.000+00:00
1108,22.0,63.0,maneuverStraightAllowed,40,V2X,2024-10-07T16:31:04.000+00:00
1108,41.0,6.0,maneuverStraightAllowed,10,V2X,2024-10-07T16:31:04.000+00:00
1108,41.0,24.0,maneuverRightAllowed,10,V2X,2024-10-07T16:31:04.000+00:00
1108,42.0,5.0,maneuverStraightAllowed,10,V2X,2024-10-07T16:31:04.000+00:00
1108,43.0,63.0,maneuverLeftAllowed,10,V2X,2024-10-07T16:31:04.000+00:00
1108,61.0,24.0,maneuverStraightAllowed,20,V2X,2024-10-07T16:31:04.000+00:00
1108,61.0,46.0,maneuverRightAllowed,20,V2X,2024-10-07T16:31:04.000+00:00
1108,62.0,4.0,maneuverLeftAllowed,20,V2X,2024-10-07T16:31:04.000+00:00
1108,62.0,23.0,maneuverStraightAllowed,20,V2X,2024-10-07T16:31:04.000+00:00
1109,1.0,46.0,maneuverStraightAllowed,70,V2X,2024-10-07T16:31:04.000+00:00
1109,2.0,45.0,maneuverStraightAllowed,70,V2X,2024-10-07T16:31:04.000+00:00
1109,3.0,44.0,maneuverStraightAllowed,70,V2X,2024-10-07T16:31:04.000+00:00
1109,4.0,25.0,maneuverLeftAllowed,70,V2X,2024-10-07T16:31:04.000+00:00
1109,21.0,7.0,maneuverRightAllowed,80,V2X,2024-10-07T16:31:04.000+00:00
1109,21.0,66.0,maneuverStraightAllowed,80,V2X,2024-10-07T16:31:04.000+00:00
1109,22.0,65.0,maneuverStraightAllowed,80,V2X,2024-10-07T16:31:04.000+00:00
1109,23.0,64.0,maneuverStraightAllowed,80,V2X,2024-10-07T16:31:04.000+00:00
1109,41.0,6.0,maneuverStraightAllowed,50,V2X,2024-10-07T16:31:04.000+00:00
1109,42.0,5.0,maneuverStraightAllowed,50,V2X,2024-10-07T16:31:04.000+00:00
1109,43.0,65.0,maneuverLeftAllowed,50,V2X,2024-10-07T16:31:04.000+00:00
1109,61.0,26.0,maneuverStraightAllowed,60,V2X,2024-10-07T16:31:04.000+00:00
1109,62.0,25.0,maneuverStraightAllowed,60,V2X,2024-10-07T16:31:04.000+00:00
1109,63.0,24.0,maneuverStraightAllowed,60,V2X,2024-10-07T16:31:04.000+00:00
111,1.0,26.0,maneuverStraightAllowed,40,V2X,2024-10-07T16:31:04.000+00:00
111,2.0,25.0,maneuverStraightAllowed,40,V2X,2024-10-07T16:31:04.000+00:00
111,3.0,24.0,maneuverStraightAllowed,40,V2X,2024-10-07T16:31:04.000+00:00
111,21.0,6.0,maneuverStraightAllowed,20,V2X,2024-10-07T16:31:04.000+00:00
111,22.0,5.0,maneuverStraightAllowed,20,V2X,2024-10-07T16:31:04.000+00:00
111,23.0,4.0,maneuverStraightAllowed,20,V2X,2024-10-07T16:31:04.000+00:00
1112,1.0,27.0,maneuverStraightAllowed,40,V2X,2024-10-07T16:31:04.000+00:00
1112,2.0,26.0,maneuverStraightAllowed,40,V2X,2024-10-07T16:31:04.000+00:00
1112,3.0,25.0,maneuverStraightAllowed,40,V2X,2024-10-07T16:31:04.000+00:00
1112,21.0,7.0,maneuverStraightAllowed,20,V2X,2024-10-07T16:31:04.000+00:00
1112,22.0,6.0,maneuverStraightAllowed,20,V2X,2024-10-07T16:31:04.000+00:00
1112,23.0,5.0,maneuverStraightAllowed,20,V2X,2024-10-07T16:31:04.000+00:00
1114,1.0,27.0,maneuverStraightAllowed,30,V2X,2024-10-07T16:31:04.000+00:00
1114,2.0,26.0,maneuverStraightAllowed,30,V2X,2024-10-07T16:31:04.000+00:00
1114,3.0,25.0,maneuverStraightAllowed,30,V2X,2024-10-07T16:31:04.000+00:00
1114,21.0,6.0,maneuverStraightAllowed,10,V2X,2024-10-07T16:31:04.000+00:00
1114,22.0,5.0,maneuverStraightAllowed,10,V2X,2024-10-07T16:31:04.000+00:00
1114,23.0,4.0,maneuverStraightAllowed,10,V2X,2024-10-07T16:31:04.000+00:00
1114,41.0,27.0,maneuverRightAllowed,20,V2X,2024-10-07T16:31:04.000+00:00
1117,1.0,47.0,maneuverStraightAllowed,30,V2X,2024-10-07T16:31:04.000+00:00
1117,2.0,46.0,maneuverStraightAllowed,30,V2X,2024-10-07T16:31:04.000+00:00
1117,3.0,45.0,maneuverStraightAllowed,30,V2X,2024-10-07T16:31:04.000+00:00
1117,4.0,24.0,maneuverLeftAllowed,30,V2X,2024-10-07T16:31:04.000+00:00
1117,21.0,7.0,maneuverRightAllowed,40,V2X,2024-10-07T16:31:04.000+00:00
1117,22.0,46.0,maneuverLeftAllowed,40,V2X,2024-10-07T16:31:04.000+00:00
1117,23.0,45.0,maneuverLeftAllowed,40,V2X,2024-10-07T16:31:04.000+00:00
1117,41.0,25.0,maneuverRightAllowed,10,V2X,2024-10-07T16:31:04.000+00:00
1117,42.0,7.0,maneuverStraightAllowed,10,V2X,2024-10-07T16:31:04.000+00:00
1117,43.0,6.0,maneuverStraightAllowed,10,V2X,2024-10-07T16:31:04.000+00:00
1117,44.0,5.0,maneuverStraightAllowed,10,V2X,2024-10-07T16:31:04.000+00:00
1123,1.0,48.0,maneuverStraightAllowed,40,V2X,2024-10-07T16:31:05.000+00:00
1123,1.0,49.0,maneuverStraightAllowed,40,V2X,2024-10-07T16:31:05.000+00:00
1123,1.0,62.0,maneuverRightAllowed,40,V2X,2024-10-07T16:31:05.000+00:00
1123,2.0,47.0,maneuverStraightAllowed,40,V2X,2024-10-07T16:31:05.000+00:00
1123,3.0,46.0,maneuverStraightAllowed,40,V2X,2024-10-07T16:31:05.000+00:00
1123,4.0,22.0,maneuverLeftAllowed,40,V2X,2024-10-07T16:31:05.000+00:00
1123,21.0,7.0,maneuverRightAllowed,10,V2X,2024-10-07T16:31:05.000+00:00
1123,21.0,46.0,maneuverLeftAllowed,10,V2X,2024-10-07T16:31:05.000+00:00
1123,21.0,62.0,maneuverStraightAllowed,10,V2X,2024-10-07T16:31:05.000+00:00
1123,41.0,22.0,maneuverRightAllowed,20,V2X,2024-10-07T16:31:05.000+00:00
1123,42.0,7.0,maneuverStraightAllowed,20,V2X,2024-10-07T16:31:05.000+00:00
1123,43.0,6.0,maneuverStraightAllowed,20,V2X,2024-10-07T16:31:05.000+00:00
1123,44.0,5.0,maneuverStraightAllowed,20,V2X,2024-10-07T16:31:05.000+00:00
1123,45.0,62.0,maneuverLeftAllowed,20,V2X,2024-10-07T16:31:05.000+00:00
1123,61.0,5.0,maneuverLeftAllowed,30,V2X,2024-10-07T16:31:05.000+00:00
1123,61.0,22.0,maneuverStraightAllowed,30,V2X,2024-10-07T16:31:05.000+00:00
1123,61.0,49.0,maneuverRightAllowed,30,V2X,2024-10-07T16:31:05.000+00:00
1125,1.0,46.0,maneuverStraightAllowed,70,V2X,2024-10-07T16:31:05.000+00:00
1125,2.0,45.0,maneuverStraightAllowed,70,V2X,2024-10-07T16:31:05.000+00:00
1125,3.0,22.0,maneuverLeftAllowed,70,V2X,2024-10-07T16:31:05.000+00:00
1125,21.0,6.0,maneuverRightAllowed,10,V2X,2024-10-07T16:31:05.000+00:00
1125,21.0,44.0,maneuverLeftAllowed,10,V2X,2024-10-07T16:31:05.000+00:00
1125,41.0,6.0,maneuverStraightAllowed,50,V2X,2024-10-07T16:31:05.000+00:00
1125,41.0,22.0,maneuverRightAllowed,50,V2X,2024-10-07T16:31:05.000+00:00
1125,42.0,5.0,maneuverStraightAllowed,50,V2X,2024-10-07T16:31:05.000+00:00
1125,43.0,4.0,maneuverStraightAllowed,50,V2X,2024-10-07T16:31:05.000+00:00
1126,1.0,26.0,maneuverStraightAllowed,30,V2X,2024-10-07T16:31:05.000+00:00
1126,2.0,25.0,maneuverStraightAllowed,30,V2X,2024-10-07T16:31:05.000+00:00
1126,3.0,24.0,maneuverStraightAllowed,30,V2X,2024-10-07T16:31:05.000+00:00
1126,21.0,6.0,maneuverStraightAllowed,10,V2X,2024-10-07T16:31:05.000+00:00
1126,22.0,5.0,maneuverStraightAllowed,10,V2X,2024-10-07T16:31:05.000+00:00
1126,23.0,4.0,maneuverStraightAllowed,10,V2X,2024-10-07T16:31:05.000+00:00
1129,1.0,45.0,maneuverRightAllowed,70,V2X,2024-10-07T16:31:05.000+00:00
1129,2.0,28.0,maneuverStraightAllowed,70,V2X,2024-10-07T16:31:05.000+00:00
1129,3.0,27.0,maneuverStraightAllowed,70,V2X,2024-10-07T16:31:05.000+00:00
1129,4.0,26.0,maneuverStraightAllowed,70,V2X,2024-10-07T16:31:05.000+00:00
1129,22.0,9.0,maneuverStraightAllowed,50,V2X,2024-10-07T16:31:05.000+00:00
1129,23.0,8.0,maneuverStraightAllowed,50,V2X,2024-10-07T16:31:05.000+00:00
1129,24.0,7.0,maneuverStraightAllowed,50,V2X,2024-10-07T16:31:05.000+00:00
1129,41.0,29.0,maneuverRightAllowed,20,V2X,2024-10-07T16:31:05.000+00:00
1129,42.0,7.0,maneuverLeftAllowed,20,V2X,2024-10-07T16:31:05.000+00:00
1129,43.0,6.0,maneuverLeftAllowed,20,V2X,2024-10-07T16:31:05.000+00:00
1132,1.0,24.0,maneuverLeftAllowed,30,V2X,2024-10-07T16:31:05.000+00:00
1132,1.0,46.0,maneuverRightAllowed,30,V2X,2024-10-07T16:31:05.000+00:00
1132,21.0,2.0,maneuverRightAllowed,40,V2X,2024-10-07T16:31:05.000+00:00
1132,21.0,46.0,maneuverStraightAllowed,40,V2X,2024-10-07T16:31:05.000+00:00
1132,22.0,45.0,maneuverStraightAllowed,40,V2X,2024-10-07T16:31:05.000+00:00
1132,23.0,44.0,maneuverStraightAllowed,40,V2X,2024-10-07T16:31:05.000+00:00
1132,41.0,26.0,maneuverStraightAllowed,20,V2X,2024-10-07T16:31:05.000+00:00
1132,42.0,25.0,maneuverStraightAllowed,20,V2X,2024-10-07T16:31:05.000+00:00
1132,43.0,24.0,maneuverStraightAllowed,20,V2X,2024-10-07T16:31:05.000+00:00
1133,21.0,45.0,maneuverLeftAllowed,70,V2X,2024-10-07T16:31:05.000+00:00
1133,22.0,44.0,maneuverLeftAllowed,70,V2X,2024-10-07T16:31:05.000+00:00
1133,41.0,1.0,maneuverRightAllowed,80,V2X,2024-10-07T16:31:05.000+00:00
1133,41.0,66.0,maneuverStraightAllowed,80,V2X,2024-10-07T16:31:05.000+00:00
1133,42.0,65.0,maneuverStraightAllowed,80,V2X,2024-10-07T16:31:05.000+00:00
1133,43.0,64.0,maneuverStraightAllowed,80,V2X,2024-10-07T16:31:05.000+00:00
1133,61.0,46.0,maneuverStraightAllowed,60,V2X,2024-10-07T16:31:05.000+00:00
1133,62.0,45.0,maneuverStraightAllowed,60,V2X,2024-10-07T16:31:05.000+00:00
1134,1.0,27.0,maneuverStraightAllowed,30,V2X,2024-10-07T16:31:05.000+00:00
1134,2.0,26.0,maneuverStraightAllowed,30,V2X,2024-10-07T16:31:05.000+00:00
1134,3.0,25.0,maneuverStraightAllowed,30,V2X,2024-10-07T16:31:05.000+00:00
1134,21.0,7.0,maneuverStraightAllowed,10,V2X,2024-10-07T16:31:05.000+00:00
1134,22.0,6.0,maneuverStraightAllowed,10,V2X,2024-10-07T16:31:05.000+00:00
1134,23.0,5.0,maneuverStraightAllowed,10,V2X,2024-10-07T16:31:05.000+00:00
1137,1.0,64.0,maneuverRightAllowed,30,V2X,2024-10-07T16:31:05.000+00:00
1137,2.0,47.0,maneuverStraightAllowed,30,V2X,2024-10-07T16:31:05.000+00:00
1137,3.0,46.0,maneuverStraightAllowed,30,V2X,2024-10-07T16:31:05.000+00:00
1137,4.0,45.0,maneuverStraightAllowed,30,V2X,2024-10-07T16:31:05.000+00:00
1137,21.0,9.0,maneuverRightAllowed,40,V2X,2024-10-07T16:31:05.000+00:00
1137,22.0,63.0,maneuverStraightAllowed,40,V2X,2024-10-07T16:31:05.000+00:00
1137,23.0,46.0,maneuverLeftAllowed,40,V2X,2024-10-07T16:31:05.000+00:00
1137,24.0,45.0,maneuverLeftAllowed,40,V2X,2024-10-07T16:31:05.000+00:00
1137,25.0,41.0,maneuverLeftAllowed,40,V2X,2024-10-07T16:31:05.000+00:00
1137,42.0,8.0,maneuverStraightAllowed,10,V2X,2024-10-07T16:31:05.000+00:00
1137,43.0,7.0,maneuverStraightAllowed,10,V2X,2024-10-07T16:31:05.000+00:00
1137,44.0,6.0,maneuverStraightAllowed,10,V2X,2024-10-07T16:31:05.000+00:00
1137,61.0,48.0,maneuverRightAllowed,20,V2X,2024-10-07T16:31:05.000+00:00
1137,62.0,47.0,maneuverRightAllowed,20,V2X,2024-10-07T16:31:05.000+00:00
1141,1.0,65.0,maneuverRightAllowed,70,V2X,2024-10-07T16:31:05.000+00:00
1141,2.0,46.0,maneuverStraightAllowed,70,V2X,2024-10-07T16:31:05.000+00:00
1141,3.0,45.0,maneuverStraightAllowed,70,V2X,2024-10-07T16:31:05.000+00:00
1141,41.0,24.0,maneuverRightAllowed,50,V2X,2024-10-07T16:31:05.000+00:00
1141,42.0,23.0,maneuverRightAllowed,50,V2X,2024-10-07T16:31:05.000+00:00
1141,43.0,65.0,maneuverLeftAllowed,50,V2X,2024-10-07T16:31:05.000+00:00
1141,44.0,64.0,maneuverLeftAllowed,50,V2X,2024-10-07T16:31:05.000+00:00
1141,61.0,22.0,maneuverStraightAllowed,60,V2X,2024-10-07T16:31:05.000+00:00
1141,61.0,46.0,maneuverRightAllowed,60,V2X,2024-10-07T16:31:05.000+00:00
1141,62.0,21.0,maneuverStraightAllowed,60,V2X,2024-10-07T16:31:05.000+00:00
1142,1.0,25.0,maneuverLeftAllowed,30,V2X,2024-10-07T16:31:05.000+00:00
1142,1.0,68.0,maneuverRightAllowed,30,V2X,2024-10-07T16:31:05.000+00:00
1142,21.0,2.0,maneuverRightAllowed,40,V2X,2024-10-07T16:31:05.000+00:00
1142,21.0,68.0,maneuverStraightAllowed,40,V2X,2024-10-07T16:31:05.000+00:00
1142,22.0,67.0,maneuverStraightAllowed,40,V2X,2024-10-07T16:31:05.000+00:00
1142,23.0,66.0,maneuverStraightAllowed,40,V2X,2024-10-07T16:31:05.000+00:00
1142,24.0,42.0,maneuverLeftAllowed,40,V2X,2024-10-07T16:31:05.000+00:00
1142,41.0,27.0,maneuverRightAllowed,10,V2X,2024-10-07T16:31:05.000+00:00
1142,41.0,66.0,maneuverLeftAllowed,10,V2X,2024-10-07T16:31:05.000+00:00
1142,61.0,42.0,maneuverRightAllowed,20,V2X,2024-10-07T16:31:05.000+00:00
1142,62.0,27.0,maneuverStraightAllowed,20,V2X,2024-10-07T16:31:05.000+00:00
1142,63.0,26.0,maneuverStraightAllowed,20,V2X,2024-10-07T16:31:05.000+00:00
1142,64.0,25.0,maneuverStraightAllowed,20,V2X,2024-10-07T16:31:05.000+00:00
1142,65.0,2.0,maneuverLeftAllowed,20,V2X,2024-10-07T16:31:05.000+00:00
1147,1.0,27.0,maneuverStraightAllowed,70,V2X,2024-10-07T16:31:05.000+00:00
1147,1.0,42.0,maneuverRightAllowed,70,V2X,2024-10-07T16:31:05.000+00:00
1147,2.0,26.0,maneuverStraightAllowed,70,V2X,2024-10-07T16:31:05.000+00:00
1147,3.0,25.0,maneuverStraightAllowed,70,V2X,2024-10-07T16:31:05.000+00:00
1147,21.0,7.0,maneuverStraightAllowed,50,V2X,2024-10-07T16:31:05.000+00:00
1147,22.0,6.0,maneuverStraightAllowed,50,V2X,2024-10-07T16:31:05.000+00:00
1147,23.0,5.0,maneuverStraightAllowed,50,V2X,2024-10-07T16:31:05.000+00:00
1147,24.0,42.0,maneuverLeftAllowed,50,V2X,2024-10-07T16:31:05.000+00:00
1147,41.0,27.0,maneuverRightAllowed,60,V2X,2024-10-07T16:31:05.000+00:00
1148,1.0,27.0,maneuverLeftAllowed,70,V2X,2024-10-07T16:31:05.000+00:00
1148,1.0,43.0,maneuverStraightAllowed,70,V2X,2024-10-07T16:31:05.000+00:00
1148,1.0,68.0,maneuverRightAllowed,70,V2X,2024-10-07T16:31:05.000+00:00
1148,21.0,2.0,maneuverRightAllowed,40,V2X,2024-10-07T16:31:05.000+00:00
1148,21.0,68.0,maneuverStraightAllowed,40,V2X,2024-10-07T16:31:05.000+00:00
1148,22.0,67.0,maneuverStraightAllowed,40,V2X,2024-10-07T16:31:05.000+00:00
1148,23.0,66.0,maneuverStraightAllowed,40,V2X,2024-10-07T16:31:05.000+00:00
1148,24.0,43.0,maneuverLeftAllowed,40,V2X,2024-10-07T16:31:05.000+00:00
1148,25.0,65.0,maneuverStraightAllowed,40,V2X,2024-10-07T16:31:05.000+00:00
1148,41.0,29.0,maneuverRightAllowed,50,V2X,2024-10-07T16:31:05.000+00:00
1148,42.0,2.0,maneuverStraightAllowed,50,V2X,2024-10-07T16:31:05.000+00:00
1148,42.0,66.0,maneuverLeftAllowed,50,V2X,2024-10-07T16:31:05.000+00:00
1148,61.0,29.0,maneuverStraightAllowed,20,V2X,2024-10-07T16:31:05.000+00:00
1148,61.0,44.0,maneuverRightAllowed,20,V2X,2024-10-07T16:31:05.000+00:00
1148,62.0,28.0,maneuverStraightAllowed,20,V2X,2024-10-07T16:31:05.000+00:00
1148,63.0,27.0,maneuverStraightAllowed,20,V2X,2024-10-07T16:31:05.000+00:00
1148,64.0,26.0,maneuverStraightAllowed,20,V2X,2024-10-07T16:31:05.000+00:00
1149,1.0,24.0,maneuverLeftAllowed,30,V2X,2024-10-07T16:31:05.000+00:00
1149,1.0,47.0,maneuverRightAllowed,30,V2X,2024-10-07T16:31:05.000+00:00
1149,21.0,2.0,maneuverRightAllowed,40,V2X,2024-10-07T16:31:05.000+00:00
1149,21.0,47.0,maneuverStraightAllowed,40,V2X,2024-10-07T16:31:05.000+00:00
1149,22.0,46.0,maneuverStraightAllowed,40,V2X,2024-10-07T16:31:05.000+00:00
1149,23.0,45.0,maneuverStraightAllowed,40,V2X,2024-10-07T16:31:05.000+00:00
1149,41.0,26.0,maneuverStraightAllowed,20,V2X,2024-10-07T16:31:05.000+00:00
1149,42.0,25.0,maneuverStraightAllowed,20,V2X,2024-10-07T16:31:05.000+00:00
1149,43.0,24.0,maneuverStraightAllowed,20,V2X,2024-10-07T16:31:05.000+00:00
1149,44.0,2.0,maneuverLeftAllowed,20,V2X,2024-10-07T16:31:05.000+00:00
1156,1.0,44.0,maneuverStraightAllowed,40,V2X,2024-10-07T16:31:05.000+00:00
1156,1.0,67.0,maneuverRightAllowed,40,V2X,2024-10-07T16:31:05.000+00:00
1156,2.0,25.0,maneuverLeftAllowed,40,V2X,2024-10-07T16:31:05.000+00:00
1156,2.0,43.0,maneuverStraightAllowed,40,V2X,2024-10-07T16:31:05.000+00:00
1156,21.0,4.0,maneuverRightAllowed,10,V2X,2024-10-07T16:31:05.000+00:00
1156,21.0,67.0,maneuverStraightAllowed,10,V2X,2024-10-07T16:31:05.000+00:00
1156,22.0,66.0,maneuverStraightAllowed,10,V2X,2024-10-07T16:31:05.000+00:00
1156,23.0,65.0,maneuverStraightAllowed,10,V2X,2024-10-07T16:31:05.000+00:00
1156,24.0,43.0,maneuverLeftAllowed,10,V2X,2024-10-07T16:31:05.000+00:00
1156,41.0,4.0,maneuverStraightAllowed,20,V2X,2024-10-07T16:31:05.000+00:00
1156,41.0,27.0,maneuverRightAllowed,20,V2X,2024-10-07T16:31:05.000+00:00
1156,42.0,3.0,maneuverStraightAllowed,20,V2X,2024-10-07T16:31:05.000+00:00
1156,42.0,65.0,maneuverLeftAllowed,20,V2X,2024-10-07T16:31:05.000+00:00
1156,61.0,27.0,maneuverStraightAllowed,30,V2X,2024-10-07T16:31:05.000+00:00
1156,61.0,44.0,maneuverRightAllowed,30,V2X,2024-10-07T16:31:05.000+00:00
1156,62.0,26.0,maneuverStraightAllowed,30,V2X,2024-10-07T16:31:05.000+00:00
1156,63.0,25.0,maneuverStraightAllowed,30,V2X,2024-10-07T16:31:05.000+00:00
1156,64.0,3.0,maneuverLeftAllowed,30,V2X,2024-10-07T16:31:05.000+00:00
1157,21.0,2.0,maneuverRightAllowed,10,V2X,2024-10-07T16:31:05.000+00:00
1157,21.0,47.0,maneuverStraightAllowed,10,V2X,2024-10-07T16:31:05.000+00:00
1157,22.0,46.0,maneuverStraightAllowed,10,V2X,2024-10-07T16:31:05.000+00:00
1157,23.0,45.0,maneuverStraightAllowed,10,V2X,2024-10-07T16:31:05.000+00:00
1157,41.0,26.0,maneuverStraightAllowed,30,V2X,2024-10-07T16:31:05.000+00:00
1157,42.0,25.0,maneuverStraightAllowed,30,V2X,2024-10-07T16:31:05.000+00:00
1157,43.0,24.0,maneuverStraightAllowed,30,V2X,2024-10-07T16:31:05.000+00:00
1157,44.0,1.0,maneuverLeftAllowed,30,V2X,2024-10-07T16:31:05.000+00:00
1159,1.0,63.0,maneuverRightAllowed,70,V2X,2024-10-07T16:31:05.000+00:00
1159,2.0,45.0,maneuverStraightAllowed,70,V2X,2024-10-07T16:31:05.000+00:00
1159,3.0,44.0,maneuverStraightAllowed,70,V2X,2024-10-07T16:31:05.000+00:00
1159,4.0,24.0,maneuverLeftAllowed,70,V2X,2024-10-07T16:31:05.000+00:00
1159,21.0,7.0,maneuverRightAllowed,80,V2X,2024-10-07T16:31:05.000+00:00
1159,22.0,63.0,maneuverStraightAllowed,80,V2X,2024-10-07T16:31:05.000+00:00
1159,23.0,44.0,maneuverLeftAllowed,80,V2X,2024-10-07T16:31:05.000+00:00
1159,41.0,7.0,maneuverStraightAllowed,50,V2X,2024-10-07T16:31:05.000+00:00
1159,41.0,24.0,maneuverRightAllowed,50,V2X,2024-10-07T16:31:05.000+00:00
1159,42.0,6.0,maneuverStraightAllowed,50,V2X,2024-10-07T16:31:05.000+00:00
1159,43.0,63.0,maneuverLeftAllowed,50,V2X,2024-10-07T16:31:05.000+00:00
1159,61.0,24.0,maneuverStraightAllowed,60,V2X,2024-10-07T16:31:05.000+00:00
1159,61.0,45.0,maneuverRightAllowed,60,V2X,2024-10-07T16:31:05.000+00:00
1159,62.0,5.0,maneuverLeftAllowed,60,V2X,2024-10-07T16:31:05.000+00:00
1165,1.0,26.0,maneuverStraightAllowed,30,V2X,2024-10-07T16:31:05.000+00:00
1165,2.0,25.0,maneuverStraightAllowed,30,V2X,2024-10-07T16:31:05.000+00:00
1165,3.0,24.0,maneuverStraightAllowed,30,V2X,2024-10-07T16:31:05.000+00:00
1165,21.0,6.0,maneuverStraightAllowed,10,V2X,2024-10-07T16:31:05.000+00:00
1165,22.0,5.0,maneuverStraightAllowed,10,V2X,2024-10-07T16:31:05.000+00:00
1165,23.0,4.0,maneuverStraightAllowed,10,V2X,2024-10-07T16:31:05.000+00:00
1167,1.0,47.0,maneuverStraightAllowed,30,V2X,2024-10-07T16:31:05.000+00:00
1167,1.0,62.0,maneuverRightAllowed,30,V2X,2024-10-07T16:31:05.000+00:00
1167,2.0,46.0,maneuverStraightAllowed,30,V2X,2024-10-07T16:31:05.000+00:00
1167,3.0,45.0,maneuverStraightAllowed,30,V2X,2024-10-07T16:31:05.000+00:00
1167,21.0,6.0,maneuverRightAllowed,40,V2X,2024-10-07T16:31:05.000+00:00
1167,21.0,62.0,maneuverStraightAllowed,40,V2X,2024-10-07T16:31:05.000+00:00
1167,22.0,44.0,maneuverLeftAllowed,40,V2X,2024-10-07T16:31:05.000+00:00
1167,41.0,6.0,maneuverStraightAllowed,10,V2X,2024-10-07T16:31:05.000+00:00
1167,41.0,24.0,maneuverRightAllowed,10,V2X,2024-10-07T16:31:05.000+00:00
1167,42.0,5.0,maneuverStraightAllowed,10,V2X,2024-10-07T16:31:05.000+00:00
1167,43.0,4.0,maneuverStraightAllowed,10,V2X,2024-10-07T16:31:05.000+00:00
1167,61.0,4.0,maneuverLeftAllowed,20,V2X,2024-10-07T16:31:05.000+00:00
1167,61.0,23.0,maneuverStraightAllowed,20,V2X,2024-10-07T16:31:05.000+00:00
1167,61.0,47.0,maneuverRightAllowed,20,V2X,2024-10-07T16:31:05.000+00:00
1168,1.0,47.0,maneuverStraightAllowed,70,V2X,2024-10-07T16:31:05.000+00:00
1168,1.0,65.0,maneuverRightAllowed,70,V2X,2024-10-07T16:31:05.000+00:00
1168,2.0,46.0,maneuverStraightAllowed,70,V2X,2024-10-07T16:31:05.000+00:00
1168,3.0,45.0,maneuverStraightAllowed,70,V2X,2024-10-07T16:31:05.000+00:00
1168,21.0,6.0,maneuverRightAllowed,80,V2X,2024-10-07T16:31:05.000+00:00
1168,21.0,65.0,maneuverStraightAllowed,80,V2X,2024-10-07T16:31:05.000+00:00
1168,22.0,64.0,maneuverStraightAllowed,80,V2X,2024-10-07T16:31:05.000+00:00
1168,41.0,24.0,maneuverRightAllowed,50,V2X,2024-10-07T16:31:05.000+00:00
1168,42.0,6.0,maneuverStraightAllowed,50,V2X,2024-10-07T16:31:05.000+00:00
1168,43.0,5.0,maneuverStraightAllowed,50,V2X,2024-10-07T16:31:05.000+00:00
1168,44.0,4.0,maneuverStraightAllowed,50,V2X,2024-10-07T16:31:05.000+00:00
1168,61.0,24.0,maneuverStraightAllowed,60,V2X,2024-10-07T16:31:05.000+00:00
1168,62.0,6.0,maneuverLeftAllowed,60,V2X,2024-10-07T16:31:05.000+00:00
1168,62.0,23.0,maneuverStraightAllowed,60,V2X,2024-10-07T16:31:05.000+00:00
1168,63.0,5.0,maneuverLeftAllowed,60,V2X,2024-10-07T16:31:05.000+00:00
1172,1.0,47.0,maneuverStraightAllowed,30,V2X,2024-10-07T16:31:05.000+00:00
1172,1.0,66.0,maneuverRightAllowed,30,V2X,2024-10-07T16:31:05.000+00:00
1172,2.0,46.0,maneuverStraightAllowed,30,V2X,2024-10-07T16:31:05.000+00:00
1172,3.0,45.0,maneuverStraightAllowed,30,V2X,2024-10-07T16:31:05.000+00:00
1172,4.0,24.0,maneuverLeftAllowed,30,V2X,2024-10-07T16:31:05.000+00:00
1172,21.0,7.0,maneuverRightAllowed,40,V2X,2024-10-07T16:31:05.000+00:00
1172,21.0,66.0,maneuverStraightAllowed,40,V2X,2024-10-07T16:31:05.000+00:00
1172,22.0,65.0,maneuverStraightAllowed,40,V2X,2024-10-07T16:31:05.000+00:00
1172,23.0,45.0,maneuverLeftAllowed,40,V2X,2024-10-07T16:31:05.000+00:00
1172,23.0,64.0,maneuverStraightAllowed,40,V2X,2024-10-07T16:31:05.000+00:00
1172,41.0,7.0,maneuverStraightAllowed,10,V2X,2024-10-07T16:31:05.000+00:00
1172,41.0,25.0,maneuverRightAllowed,10,V2X,2024-10-07T16:31:05.000+00:00
1172,42.0,6.0,maneuverStraightAllowed,10,V2X,2024-10-07T16:31:05.000+00:00
1172,43.0,5.0,maneuverStraightAllowed,10,V2X,2024-10-07T16:31:05.000+00:00
1172,44.0,64.0,maneuverLeftAllowed,10,V2X,2024-10-07T16:31:05.000+00:00
1172,61.0,25.0,maneuverStraightAllowed,20,V2X,2024-10-07T16:31:05.000+00:00
1172,61.0,47.0,maneuverRightAllowed,20,V2X,2024-10-07T16:31:05.000+00:00
1172,62.0,24.0,maneuverStraightAllowed,20,V2X,2024-10-07T16:31:05.000+00:00
1172,63.0,5.0,maneuverLeftAllowed,20,V2X,2024-10-07T16:31:05.000+00:00
1173,1.0,25.0,maneuverLeftAllowed,30,V2X,2024-10-07T16:31:05.000+00:00
1173,1.0,43.0,maneuverStraightAllowed,30,V2X,2024-10-07T16:31:05.000+00:00
1173,1.0,67.0,maneuverRightAllowed,30,V2X,2024-10-07T16:31:05.000+00:00
1173,21.0,2.0,maneuverRightAllowed,40,V2X,2024-10-07T16:31:05.000+00:00
1173,21.0,67.0,maneuverStraightAllowed,40,V2X,2024-10-07T16:31:05.000+00:00
1173,22.0,66.0,maneuverStraightAllowed,40,V2X,2024-10-07T16:31:05.000+00:00
1173,23.0,65.0,maneuverStraightAllowed,40,V2X,2024-10-07T16:31:05.000+00:00
1173,24.0,43.0,maneuverLeftAllowed,40,V2X,2024-10-07T16:31:05.000+00:00
1173,41.0,27.0,maneuverRightAllowed,10,V2X,2024-10-07T16:31:05.000+00:00
1173,42.0,2.0,maneuverStraightAllowed,10,V2X,2024-10-07T16:31:05.000+00:00
1173,42.0,65.0,maneuverLeftAllowed,10,V2X,2024-10-07T16:31:05.000+00:00
1173,61.0,27.0,maneuverStraightAllowed,20,V2X,2024-10-07T16:31:05.000+00:00
1173,61.0,43.0,maneuverRightAllowed,20,V2X,2024-10-07T16:31:05.000+00:00
1173,62.0,26.0,maneuverStraightAllowed,20,V2X,2024-10-07T16:31:05.000+00:00
1173,63.0,25.0,maneuverStraightAllowed,20,V2X,2024-10-07T16:31:05.000+00:00
1173,64.0,2.0,maneuverLeftAllowed,20,V2X,2024-10-07T16:31:05.000+00:00
1174,1.0,45.0,maneuverStraightAllowed,30,V2X,2024-10-07T16:31:05.000+00:00
1174,1.0,88.0,maneuverRightAllowed,30,V2X,2024-10-07T16:31:05.000+00:00
1174,2.0,44.0,maneuverStraightAllowed,30,V2X,2024-10-07T16:31:05.000+00:00
1174,3.0,25.0,maneuverLeftAllowed,30,V2X,2024-10-07T16:31:05.000+00:00
1174,21.0,5.0,maneuverRightAllowed,40,V2X,2024-10-07T16:31:05.000+00:00
1174,21.0,88.0,maneuverStraightAllowed,40,V2X,2024-10-07T16:31:05.000+00:00
1174,22.0,87.0,maneuverStraightAllowed,40,V2X,2024-10-07T16:31:05.000+00:00
1174,23.0,86.0,maneuverStraightAllowed,40,V2X,2024-10-07T16:31:05.000+00:00
1174,24.0,44.0,maneuverLeftAllowed,40,V2X,2024-10-07T16:31:05.000+00:00
1174,41.0,5.0,maneuverStraightAllowed,10,V2X,2024-10-07T16:31:05.000+00:00
1174,41.0,27.0,maneuverRightAllowed,10,V2X,2024-10-07T16:31:05.000+00:00
1174,42.0,4.0,maneuverStraightAllowed,10,V2X,2024-10-07T16:31:05.000+00:00
1174,43.0,85.0,maneuverLeftAllowed,10,V2X,2024-10-07T16:31:05.000+00:00
1174,61.0,27.0,maneuverStraightAllowed,20,V2X,2024-10-07T16:31:05.000+00:00
1174,61.0,45.0,maneuverRightAllowed,20,V2X,2024-10-07T16:31:05.000+00:00
1174,62.0,4.0,maneuverLeftAllowed,20,V2X,2024-10-07T16:31:05.000+00:00
1174,62.0,85.0,maneuverLeftAllowed,20,V2X,2024-10-07T16:31:05.000+00:00
1174,81.0,27.0,maneuverStraightAllowed,21,V2X,2024-10-07T16:31:05.000+00:00
1174,81.0,45.0,maneuverRightAllowed,21,V2X,2024-10-07T16:31:05.000+00:00
1174,82.0,26.0,maneuverStraightAllowed,21,V2X,2024-10-07T16:31:05.000+00:00
1174,83.0,25.0,maneuverStraightAllowed,21,V2X,2024-10-07T16:31:05.000+00:00
1174,84.0,4.0,maneuverLeftAllowed,21,V2X,2024-10-07T16:31:05.000+00:00
1175,1.0,63.0,maneuverRightAllowed,30,V2X,2024-10-07T16:31:05.000+00:00
1175,2.0,48.0,maneuverStraightAllowed,30,V2X,2024-10-07T16:31:05.000+00:00
1175,3.0,47.0,maneuverStraightAllowed,30,V2X,2024-10-07T16:31:05.000+00:00
1175,4.0,46.0,maneuverStraightAllowed,30,V2X,2024-10-07T16:31:05.000+00:00
1175,5.0,23.0,maneuverLeftAllowed,30,V2X,2024-10-07T16:31:05.000+00:00
1175,21.0,8.0,maneuverRightAllowed,40,V2X,2024-10-07T16:31:05.000+00:00
1175,21.0,63.0,maneuverStraightAllowed,40,V2X,2024-10-07T16:31:05.000+00:00
1175,22.0,46.0,maneuverLeftAllowed,40,V2X,2024-10-07T16:31:05.000+00:00
1175,41.0,23.0,maneuverRightAllowed,10,V2X,2024-10-07T16:31:05.000+00:00
1175,42.0,8.0,maneuverStraightAllowed,10,V2X,2024-10-07T16:31:05.000+00:00
1175,43.0,7.0,maneuverStraightAllowed,10,V2X,2024-10-07T16:31:05.000+00:00
1175,44.0,6.0,maneuverStraightAllowed,10,V2X,2024-10-07T16:31:05.000+00:00
1175,45.0,63.0,maneuverLeftAllowed,10,V2X,2024-10-07T16:31:05.000+00:00
1175,61.0,23.0,maneuverStraightAllowed,20,V2X,2024-10-07T16:31:05.000+00:00
1175,61.0,48.0,maneuverRightAllowed,20,V2X,2024-10-07T16:31:05.000+00:00
1175,62.0,6.0,maneuverLeftAllowed,20,V2X,2024-10-07T16:31:05.000+00:00
1178,1.0,83.0,maneuverRightAllowed,30,V2X,2024-10-07T16:31:05.000+00:00
1178,2.0,67.0,maneuverStraightAllowed,30,V2X,2024-10-07T16:31:05.000+00:00
1178,3.0,45.0,maneuverLeftAllowed,30,V2X,2024-10-07T16:31:05.000+00:00
1178,4.0,44.0,maneuverLeftAllowed,30,V2X,2024-10-07T16:31:05.000+00:00
1178,21.0,8.0,maneuverRightAllowed,70,V2X,2024-10-07T16:31:05.000+00:00
1178,21.0,67.0,maneuverStraightAllowed,70,V2X,2024-10-07T16:31:05.000+00:00
1178,22.0,44.0,maneuverLeftAllowed,70,V2X,2024-10-07T16:31:05.000+00:00
1178,22.0,66.0,maneuverStraightAllowed,70,V2X,2024-10-07T16:31:05.000+00:00
1178,41.0,7.0,maneuverStraightAllowed,80,V2X,2024-10-07T16:31:05.000+00:00
1178,41.0,24.0,maneuverRightAllowed,80,V2X,2024-10-07T16:31:05.000+00:00
1178,42.0,83.0,maneuverStraightAllowed,80,V2X,2024-10-07T16:31:05.000+00:00
1178,43.0,66.0,maneuverLeftAllowed,80,V2X,2024-10-07T16:31:05.000+00:00
1178,61.0,24.0,maneuverStraightAllowed,10,V2X,2024-10-07T16:31:05.000+00:00
1178,62.0,23.0,maneuverStraightAllowed,10,V2X,2024-10-07T16:31:05.000+00:00
1178,63.0,6.0,maneuverStraightAllowed,10,V2X,2024-10-07T16:31:05.000+00:00
1178,64.0,5.0,maneuverStraightAllowed,10,V2X,2024-10-07T16:31:05.000+00:00
1178,65.0,83.0,maneuverLeftAllowed,10,V2X,2024-10-07T16:31:05.000+00:00
1178,81.0,68.0,maneuverRightAllowed,20,V2X,2024-10-07T16:31:05.000+00:00
1178,82.0,23.0,maneuverLeftAllowed,20,V2X,2024-10-07T16:31:05.000+00:00
1178,82.0,45.0,maneuverStraightAllowed,20,V2X,2024-10-07T16:31:05.000+00:00
1179,1.0,67.0,maneuverRightAllowed,30,V2X,2024-10-07T16:31:05.000+00:00
1179,2.0,47.0,maneuverStraightAllowed,30,V2X,2024-10-07T16:31:05.000+00:00
1179,3.0,46.0,maneuverStraightAllowed,30,V2X,2024-10-07T16:31:05.000+00:00
1179,4.0,45.0,maneuverStraightAllowed,30,V2X,2024-10-07T16:31:05.000+00:00
1179,5.0,23.0,maneuverLeftAllowed,30,V2X,2024-10-07T16:31:05.000+00:00
1179,21.0,8.0,maneuverRightAllowed,40,V2X,2024-10-07T16:31:05.000+00:00
1179,21.0,66.0,maneuverStraightAllowed,40,V2X,2024-10-07T16:31:05.000+00:00
1179,22.0,45.0,maneuverLeftAllowed,40,V2X,2024-10-07T16:31:05.000+00:00
1179,22.0,65.0,maneuverStraightAllowed,40,V2X,2024-10-07T16:31:05.000+00:00
1179,41.0,8.0,maneuverStraightAllowed,10,V2X,2024-10-07T16:31:05.000+00:00
1179,41.0,23.0,maneuverRightAllowed,10,V2X,2024-10-07T16:31:05.000+00:00
1179,42.0,7.0,maneuverStraightAllowed,10,V2X,2024-10-07T16:31:05.000+00:00
1179,43.0,6.0,maneuverStraightAllowed,10,V2X,2024-10-07T16:31:05.000+00:00
1179,44.0,64.0,maneuverLeftAllowed,10,V2X,2024-10-07T16:31:05.000+00:00
1179,61.0,48.0,maneuverRightAllowed,20,V2X,2024-10-07T16:31:05.000+00:00
1179,62.0,23.0,maneuverStraightAllowed,20,V2X,2024-10-07T16:31:05.000+00:00
1179,63.0,6.0,maneuverLeftAllowed,20,V2X,2024-10-07T16:31:05.000+00:00
1181,1.0,46.0,maneuverStraightAllowed,70,V2X,2024-10-07T16:31:05.000+00:00
1181,1.0,62.0,maneuverRightAllowed,70,V2X,2024-10-07T16:31:05.000+00:00
1181,2.0,45.0,maneuverStraightAllowed,70,V2X,2024-10-07T16:31:05.000+00:00
1181,3.0,44.0,maneuverStraightAllowed,70,V2X,2024-10-07T16:31:05.000+00:00
